merchant_id,Risk_Score,Total_Trans
1308,0.9411764705882353,15
44927,0.9230769230769231,11
73271,0.9166666666666666,10
38337,0.875,6
81795,0.875,6
48126,0.875,6
75917,0.875,6
38568,0.8571428571428571,5
8942,0.8571428571428571,5
15326,0.8571428571428571,5
89943,0.8571428571428571,5
72723,0.8333333333333334,4
25932,0.8333333333333334,4
4705,0.8333333333333334,22
29214,0.8333333333333334,10
77130,0.8235294117647058,15
66876,0.8,8
73205,0.8,3
49919,0.8,8
59875,0.8,3
52897,0.8,3
65241,0.8,3
41354,0.8,3
54603,0.8,3
18267,0.7777777777777778,7
55854,0.7692307692307693,11
74211,0.75,2
35917,0.75,2
3531,0.75,2
91972,0.75,14
77570,0.75,2
62988,0.75,2
15950,0.75,2
46609,0.75,2
65330,0.75,10
4153,0.75,6
67764,0.75,2
36700,0.75,6
83142,0.75,2
11911,0.75,2
5533,0.75,2
17275,0.71875,30
56107,0.7142857142857143,5
53041,0.7142857142857143,19
36617,0.7142857142857143,5
99644,0.6666666666666666,1
5763,0.6666666666666666,1
83982,0.6666666666666666,1
96692,0.6666666666666666,1
1175,0.6666666666666666,1
11570,0.6666666666666666,1
18768,0.6666666666666666,1
49909,0.6666666666666666,4
4694,0.6666666666666666,1
1017,0.6666666666666666,1
68657,0.6666666666666666,1
74450,0.6666666666666666,1
49710,0.6666666666666666,1
67075,0.6666666666666666,1
94053,0.6666666666666666,1
91352,0.6666666666666666,1
25199,0.6666666666666666,1
5252,0.6666666666666666,1
13096,0.6666666666666666,1
73922,0.6666666666666666,1
56977,0.6666666666666666,1
2842,0.6666666666666666,1
11470,0.6666666666666666,1
8787,0.6666666666666666,1
3109,0.6666666666666666,1
60779,0.6666666666666666,4
92215,0.6666666666666666,1
62194,0.6666666666666666,1
62613,0.6666666666666666,1
53816,0.6666666666666666,1
70899,0.6666666666666666,1
76239,0.6666666666666666,1
9292,0.6666666666666666,1
45399,0.6666666666666666,1
84902,0.6666666666666666,1
7535,0.6666666666666666,1
23531,0.6666666666666666,1
21281,0.6666666666666666,1
42356,0.6428571428571429,12
18344,0.625,6
39253,0.625,6
20663,0.625,6
23722,0.6,3
48982,0.6,3
82867,0.6,3
46045,0.6,3
71507,0.6,3
98272,0.5714285714285714,5
99510,0.5714285714285714,12
38755,0.5714285714285714,5
97291,0.5555555555555556,7
48912,0.5,2
81894,0.5,2
16266,0.5,4
84970,0.5,2
54572,0.5,2
12745,0.5,2
25473,0.5,2
23017,0.5,2
94198,0.5,2
92895,0.5,2
71378,0.4,8
11973,0.4,3
60526,0.375,6
91446,0.36363636363636365,9
59539,0.3333333333333333,1
59348,0.3333333333333333,1
59287,0.3333333333333333,1
59248,0.3333333333333333,1
66916,0.3333333333333333,1
59577,0.3333333333333333,1
66987,0.3333333333333333,1
59220,0.3333333333333333,1
59150,0.3333333333333333,1
59117,0.3333333333333333,1
59110,0.3333333333333333,1
59033,0.3333333333333333,1
59574,0.3333333333333333,1
66875,0.3333333333333333,1
66884,0.3333333333333333,1
59021,0.3333333333333333,1
59799,0.3333333333333333,1
59804,0.3333333333333333,1
66652,0.3333333333333333,1
60296,0.3333333333333333,1
60381,0.3333333333333333,1
60399,0.3333333333333333,1
66605,0.3333333333333333,1
60418,0.3333333333333333,1
60569,0.3333333333333333,1
66500,0.3333333333333333,1
60813,0.3333333333333333,1
60849,0.3333333333333333,1
60920,0.3333333333333333,1
67218,0.3333333333333333,1
58816,0.3333333333333333,1
58973,0.3333333333333333,1
57885,0.3333333333333333,1
58014,0.3333333333333333,1
57939,0.3333333333333333,1
57935,0.3333333333333333,1
57925,0.3333333333333333,1
67371,0.3333333333333333,1
57902,0.3333333333333333,1
57854,0.3333333333333333,1
58938,0.3333333333333333,1
57787,0.3333333333333333,1
57710,0.3333333333333333,1
67468,0.3333333333333333,1
67598,0.3333333333333333,1
67675,0.3333333333333333,1
57668,0.3333333333333333,1
58069,0.3333333333333333,1
67370,0.3333333333333333,1
58185,0.3333333333333333,1
58280,0.3333333333333333,1
67361,0.3333333333333333,1
67327,0.3333333333333333,1
58284,0.3333333333333333,1
58341,0.3333333333333333,1
67321,0.3333333333333333,1
67306,0.3333333333333333,1
58690,0.3333333333333333,1
67302,0.3333333333333333,1
58691,0.3333333333333333,1
58749,0.3333333333333333,1
67282,0.3333333333333333,1
58773,0.3333333333333333,1
61326,0.3333333333333333,1
61111,0.3333333333333333,1
66442,0.3333333333333333,1
61353,0.3333333333333333,1
63453,0.3333333333333333,1
64859,0.3333333333333333,1
64910,0.3333333333333333,1
63837,0.3333333333333333,1
64979,0.3333333333333333,1
63646,0.3333333333333333,1
63621,0.3333333333333333,1
65041,0.3333333333333333,1
65361,0.3333333333333333,1
63160,0.3333333333333333,1
65072,0.3333333333333333,1
65211,0.3333333333333333,1
63131,0.3333333333333333,1
63111,0.3333333333333333,1
63016,0.3333333333333333,1
63916,0.3333333333333333,1
57589,0.3333333333333333,1
64830,0.3333333333333333,1
63945,0.3333333333333333,1
64820,0.3333333333333333,1
63983,0.3333333333333333,1
64072,0.3333333333333333,1
64641,0.3333333333333333,1
64167,0.3333333333333333,1
64616,0.3333333333333333,1
64535,0.3333333333333333,1
64192,0.3333333333333333,1
64311,0.3333333333333333,1
64372,0.3333333333333333,1
64493,0.3333333333333333,1
64479,0.3333333333333333,1
64433,0.3333333333333333,1
63000,0.3333333333333333,1
65640,0.3333333333333333,1
61382,0.3333333333333333,1
61530,0.3333333333333333,1
62052,0.3333333333333333,10
65818,0.3333333333333333,1
61935,0.3333333333333333,1
61857,0.3333333333333333,1
61669,0.3333333333333333,1
65855,0.3333333333333333,1
65866,0.3333333333333333,1
62966,0.3333333333333333,1
66332,0.3333333333333333,1
66409,0.3333333333333333,1
61481,0.3333333333333333,1
66430,0.3333333333333333,1
66440,0.3333333333333333,1
64437,0.3333333333333333,1
65807,0.3333333333333333,1
62337,0.3333333333333333,1
62494,0.3333333333333333,1
65779,0.3333333333333333,1
62719,0.3333333333333333,1
62746,0.3333333333333333,1
62818,0.3333333333333333,1
62836,0.3333333333333333,1
65767,0.3333333333333333,1
62853,0.3333333333333333,1
62875,0.3333333333333333,1
62889,0.3333333333333333,1
65728,0.3333333333333333,1
62937,0.3333333333333333,1
65702,0.3333333333333333,1
62956,0.3333333333333333,1
65655,0.3333333333333333,1
48056,0.3333333333333333,1
55315,0.3333333333333333,1
57420,0.3333333333333333,1
49957,0.3333333333333333,1
47863,0.3333333333333333,1
47860,0.3333333333333333,1
47801,0.3333333333333333,1
47771,0.3333333333333333,1
47703,0.3333333333333333,1
47537,0.3333333333333333,1
47360,0.3333333333333333,1
47344,0.3333333333333333,1
47304,0.3333333333333333,1
47302,0.3333333333333333,1
47242,0.3333333333333333,1
47183,0.3333333333333333,1
46920,0.3333333333333333,1
46910,0.3333333333333333,1
46859,0.3333333333333333,1
46835,0.3333333333333333,1
46790,0.3333333333333333,1
46619,0.3333333333333333,1
46581,0.3333333333333333,1
47954,0.3333333333333333,1
54,0.3333333333333333,1
48213,0.3333333333333333,1
49014,0.3333333333333333,1
49817,0.3333333333333333,1
49815,0.3333333333333333,1
49801,0.3333333333333333,1
49719,0.3333333333333333,1
49716,0.3333333333333333,1
49542,0.3333333333333333,1
49527,0.3333333333333333,1
49440,0.3333333333333333,1
48888,0.3333333333333333,1
48276,0.3333333333333333,1
48866,0.3333333333333333,1
48833,0.3333333333333333,1
48812,0.3333333333333333,1
48784,0.3333333333333333,1
48732,0.3333333333333333,1
48645,0.3333333333333333,1
48524,0.3333333333333333,1
48515,0.3333333333333333,1
46510,0.3333333333333333,1
46464,0.3333333333333333,1
46335,0.3333333333333333,1
42880,0.3333333333333333,1
43771,0.3333333333333333,1
43700,0.3333333333333333,1
43652,0.3333333333333333,1
43509,0.3333333333333333,1
43432,0.3333333333333333,1
43410,0.3333333333333333,1
43275,0.3333333333333333,1
43143,0.3333333333333333,1
42812,0.3333333333333333,1
44079,0.3333333333333333,1
42760,0.3333333333333333,1
42747,0.3333333333333333,1
42711,0.3333333333333333,1
42668,0.3333333333333333,1
42560,0.3333333333333333,1
42526,0.3333333333333333,1
42476,0.3333333333333333,1
42333,0.3333333333333333,1
44037,0.3333333333333333,1
44093,0.3333333333333333,1
46214,0.3333333333333333,1
45188,0.3333333333333333,1
46182,0.3333333333333333,1
46157,0.3333333333333333,1
46103,0.3333333333333333,1
46008,0.3333333333333333,1
46006,0.3333333333333333,1
45637,0.3333333333333333,1
45488,0.3333333333333333,1
45421,0.3333333333333333,1
44870,0.3333333333333333,1
44242,0.3333333333333333,1
44825,0.3333333333333333,1
44668,0.3333333333333333,1
44599,0.3333333333333333,1
44519,0.3333333333333333,1
44464,0.3333333333333333,1
44379,0.3333333333333333,1
44336,0.3333333333333333,1
44287,0.3333333333333333,1
49912,0.3333333333333333,1
50004,0.3333333333333333,1
57387,0.3333333333333333,1
50185,0.3333333333333333,1
55127,0.3333333333333333,1
54959,0.3333333333333333,1
54892,0.3333333333333333,1
54860,0.3333333333333333,1
54826,0.3333333333333333,1
54702,0.3333333333333333,1
54483,0.3333333333333333,1
54433,0.3333333333333333,1
54363,0.3333333333333333,1
54288,0.3333333333333333,1
54218,0.3333333333333333,1
54075,0.3333333333333333,1
54029,0.3333333333333333,1
54009,0.3333333333333333,1
53886,0.3333333333333333,1
53882,0.3333333333333333,1
53881,0.3333333333333333,1
53871,0.3333333333333333,1
53842,0.3333333333333333,1
55156,0.3333333333333333,1
67928,0.3333333333333333,1
55379,0.3333333333333333,1
56318,0.3333333333333333,1
56857,0.3333333333333333,1
56791,0.3333333333333333,1
56692,0.3333333333333333,1
56618,0.3333333333333333,1
56564,0.3333333333333333,1
56502,0.3333333333333333,1
56500,0.3333333333333333,1
56355,0.3333333333333333,1
56275,0.3333333333333333,1
55650,0.3333333333333333,1
56242,0.3333333333333333,1
56185,0.3333333333333333,1
56163,0.3333333333333333,1
55986,0.3333333333333333,1
55972,0.3333333333333333,1
55853,0.3333333333333333,1
55813,0.3333333333333333,1
55738,0.3333333333333333,1
53649,0.3333333333333333,1
53644,0.3333333333333333,1
53599,0.3333333333333333,1
51052,0.3333333333333333,1
51676,0.3333333333333333,1
51634,0.3333333333333333,1
51615,0.3333333333333333,1
51481,0.3333333333333333,1
51474,0.3333333333333333,1
51381,0.3333333333333333,1
51350,0.3333333333333333,1
51133,0.3333333333333333,1
51046,0.3333333333333333,1
51797,0.3333333333333333,1
50839,0.3333333333333333,1
50616,0.3333333333333333,1
50584,0.3333333333333333,1
50563,0.3333333333333333,1
50537,0.3333333333333333,1
50504,0.3333333333333333,1
50487,0.3333333333333333,1
50227,0.3333333333333333,1
51744,0.3333333333333333,1
52088,0.3333333333333333,1
53593,0.3333333333333333,1
53016,0.3333333333333333,1
53565,0.3333333333333333,1
53539,0.3333333333333333,1
53501,0.3333333333333333,1
53417,0.3333333333333333,1
53360,0.3333333333333333,1
53303,0.3333333333333333,1
53270,0.3333333333333333,1
53202,0.3333333333333333,1
52841,0.3333333333333333,1
52192,0.3333333333333333,1
52717,0.3333333333333333,1
52666,0.3333333333333333,1
52571,0.3333333333333333,1
52554,0.3333333333333333,1
52493,0.3333333333333333,1
52458,0.3333333333333333,1
52359,0.3333333333333333,1
52212,0.3333333333333333,1
67786,0.3333333333333333,1
70701,0.3333333333333333,1
68087,0.3333333333333333,1
88149,0.3333333333333333,1
89769,0.3333333333333333,1
89757,0.3333333333333333,1
89525,0.3333333333333333,1
89453,0.3333333333333333,1
89412,0.3333333333333333,1
89407,0.3333333333333333,1
89207,0.3333333333333333,1
89078,0.3333333333333333,1
88949,0.3333333333333333,1
88815,0.3333333333333333,1
88783,0.3333333333333333,1
88619,0.3333333333333333,1
88613,0.3333333333333333,1
88549,0.3333333333333333,1
88505,0.3333333333333333,1
88417,0.3333333333333333,1
88390,0.3333333333333333,1
88284,0.3333333333333333,1
88164,0.3333333333333333,1
89802,0.3333333333333333,1
89808,0.3333333333333333,1
89888,0.3333333333333333,1
90580,0.3333333333333333,1
91318,0.3333333333333333,1
91291,0.3333333333333333,1
91247,0.3333333333333333,1
91223,0.3333333333333333,1
91072,0.3333333333333333,1
90954,0.3333333333333333,1
90924,0.3333333333333333,1
90855,0.3333333333333333,1
90535,0.3333333333333333,1
89931,0.3333333333333333,1
90516,0.3333333333333333,1
90465,0.3333333333333333,1
90440,0.3333333333333333,1
90371,0.3333333333333333,1
90326,0.3333333333333333,1
90245,0.3333333333333333,1
90098,0.3333333333333333,1
89934,0.3333333333333333,1
88162,0.3333333333333333,1
87938,0.3333333333333333,1
91628,0.3333333333333333,1
87936,0.3333333333333333,1
85369,0.3333333333333333,1
85323,0.3333333333333333,1
85243,0.3333333333333333,1
85177,0.3333333333333333,1
85072,0.3333333333333333,1
84929,0.3333333333333333,1
84910,0.3333333333333333,1
84887,0.3333333333333333,1
84468,0.3333333333333333,1
84389,0.3333333333333333,1
84385,0.3333333333333333,1
84382,0.3333333333333333,1
84290,0.3333333333333333,1
84191,0.3333333333333333,1
84159,0.3333333333333333,1
84100,0.3333333333333333,1
84078,0.3333333333333333,1
83996,0.3333333333333333,1
83837,0.3333333333333333,1
85373,0.3333333333333333,1
85528,0.3333333333333333,1
85691,0.3333333333333333,1
86725,0.3333333333333333,1
87934,0.3333333333333333,1
87698,0.3333333333333333,1
87378,0.3333333333333333,1
87300,0.3333333333333333,1
87184,0.3333333333333333,1
87176,0.3333333333333333,1
87013,0.3333333333333333,1
86853,0.3333333333333333,1
86645,0.3333333333333333,1
85853,0.3333333333333333,1
86444,0.3333333333333333,1
86418,0.3333333333333333,1
86378,0.3333333333333333,1
86210,0.3333333333333333,1
86123,0.3333333333333333,1
86086,0.3333333333333333,1
85939,0.3333333333333333,1
85926,0.3333333333333333,1
91431,0.3333333333333333,1
91677,0.3333333333333333,1
68151,0.3333333333333333,1
96015,0.3333333333333333,1
97302,0.3333333333333333,1
97278,0.3333333333333333,1
97178,0.3333333333333333,1
97110,0.3333333333333333,1
96972,0.3333333333333333,1
96914,0.3333333333333333,1
96803,0.3333333333333333,1
96786,0.3333333333333333,1
96757,0.3333333333333333,1
96751,0.3333333333333333,1
96675,0.3333333333333333,1
96610,0.3333333333333333,1
96492,0.3333333333333333,1
96428,0.3333333333333333,1
96409,0.3333333333333333,1
96294,0.3333333333333333,1
96247,0.3333333333333333,1
96210,0.3333333333333333,1
96149,0.3333333333333333,1
97314,0.3333333333333333,1
97342,0.3333333333333333,1
97583,0.3333333333333333,1
98669,0.3333333333333333,1
99588,0.3333333333333333,1
99372,0.3333333333333333,1
99261,0.3333333333333333,1
99083,0.3333333333333333,1
99030,0.3333333333333333,1
98777,0.3333333333333333,1
98758,0.3333333333333333,1
98749,0.3333333333333333,1
98484,0.3333333333333333,1
97614,0.3333333333333333,1
98449,0.3333333333333333,1
98374,0.3333333333333333,1
98259,0.3333333333333333,1
98040,0.3333333333333333,1
97925,0.3333333333333333,1
97774,0.3333333333333333,1
97685,0.3333333333333333,1
97629,0.3333333333333333,1
96052,0.3333333333333333,1
95877,0.3333333333333333,1
91740,0.3333333333333333,1
95786,0.3333333333333333,1
94035,0.3333333333333333,1
93947,0.3333333333333333,1
93916,0.3333333333333333,1
93794,0.3333333333333333,1
93330,0.3333333333333333,1
92980,0.3333333333333333,1
92928,0.3333333333333333,1
92464,0.3333333333333333,1
92443,0.3333333333333333,1
92426,0.3333333333333333,1
92417,0.3333333333333333,1
92365,0.3333333333333333,1
92301,0.3333333333333333,1
92170,0.3333333333333333,1
92088,0.3333333333333333,1
92057,0.3333333333333333,1
91960,0.3333333333333333,1
91881,0.3333333333333333,1
91828,0.3333333333333333,1
94047,0.3333333333333333,1
94249,0.3333333333333333,1
94348,0.3333333333333333,1
94747,0.3333333333333333,1
95750,0.3333333333333333,1
95577,0.3333333333333333,1
95377,0.3333333333333333,1
95339,0.3333333333333333,1
95302,0.3333333333333333,1
95186,0.3333333333333333,1
95111,0.3333333333333333,1
95105,0.3333333333333333,1
94722,0.3333333333333333,1
94371,0.3333333333333333,1
94669,0.3333333333333333,1
94643,0.3333333333333333,1
94514,0.3333333333333333,1
94513,0.3333333333333333,1
94493,0.3333333333333333,1
94482,0.3333333333333333,1
94454,0.3333333333333333,1
94438,0.3333333333333333,1
83636,0.3333333333333333,1
83613,0.3333333333333333,1
83590,0.3333333333333333,1
72196,0.3333333333333333,1
73987,0.3333333333333333,1
73933,0.3333333333333333,1
73853,0.3333333333333333,1
73527,0.3333333333333333,1
73480,0.3333333333333333,1
73417,0.3333333333333333,1
73234,0.3333333333333333,1
73219,0.3333333333333333,1
73215,0.3333333333333333,1
73182,0.3333333333333333,1
73171,0.3333333333333333,1
73152,0.3333333333333333,1
73119,0.3333333333333333,1
72886,0.3333333333333333,1
72784,0.3333333333333333,1
72680,0.3333333333333333,1
72662,0.3333333333333333,1
72414,0.3333333333333333,1
72376,0.3333333333333333,1
74119,0.3333333333333333,1
74335,0.3333333333333333,1
74433,0.3333333333333333,1
75670,0.3333333333333333,1
76519,0.3333333333333333,1
76473,0.3333333333333333,1
76347,0.3333333333333333,1
76334,0.3333333333333333,1
76038,0.3333333333333333,1
75933,0.3333333333333333,1
75874,0.3333333333333333,1
75684,0.3333333333333333,1
75502,0.3333333333333333,1
74453,0.3333333333333333,1
75378,0.3333333333333333,1
74923,0.3333333333333333,1
74790,0.3333333333333333,1
74782,0.3333333333333333,1
74774,0.3333333333333333,1
74727,0.3333333333333333,1
74702,0.3333333333333333,1
74483,0.3333333333333333,1
72341,0.3333333333333333,1
72120,0.3333333333333333,1
83433,0.3333333333333333,1
72026,0.3333333333333333,1
69713,0.3333333333333333,1
69676,0.3333333333333333,1
69584,0.3333333333333333,1
69555,0.3333333333333333,1
69515,0.3333333333333333,1
69480,0.3333333333333333,1
69392,0.3333333333333333,1
69360,0.3333333333333333,1
69117,0.3333333333333333,1
68912,0.3333333333333333,1
68875,0.3333333333333333,1
68856,0.3333333333333333,1
68616,0.3333333333333333,1
68578,0.3333333333333333,1
68565,0.3333333333333333,1
68396,0.3333333333333333,1
68337,0.3333333333333333,1
68327,0.3333333333333333,1
68266,0.3333333333333333,1
69790,0.3333333333333333,1
69825,0.3333333333333333,1
70031,0.3333333333333333,1
71121,0.3333333333333333,1
71670,0.3333333333333333,1
71577,0.3333333333333333,1
71508,0.3333333333333333,1
71441,0.3333333333333333,1
71406,0.3333333333333333,1
71256,0.3333333333333333,1
71193,0.3333333333333333,1
71175,0.3333333333333333,1
71094,0.3333333333333333,1
70076,0.3333333333333333,1
71075,0.3333333333333333,1
70838,0.3333333333333333,1
70729,0.3333333333333333,1
42316,0.3333333333333333,1
70469,0.3333333333333333,1
70425,0.3333333333333333,1
70211,0.3333333333333333,1
70172,0.3333333333333333,1
76533,0.3333333333333333,1
76631,0.3333333333333333,1
76677,0.3333333333333333,1
76802,0.3333333333333333,1
81711,0.3333333333333333,1
81550,0.3333333333333333,1
81537,0.3333333333333333,1
81420,0.3333333333333333,1
81316,0.3333333333333333,1
81292,0.3333333333333333,1
81291,0.3333333333333333,1
81250,0.3333333333333333,1
81160,0.3333333333333333,1
81115,0.3333333333333333,1
81061,0.3333333333333333,1
81038,0.3333333333333333,1
80964,0.3333333333333333,1
80960,0.3333333333333333,1
80920,0.3333333333333333,1
80904,0.3333333333333333,1
80849,0.3333333333333333,1
80787,0.3333333333333333,1
80738,0.3333333333333333,1
81731,0.3333333333333333,1
81780,0.3333333333333333,1
81945,0.3333333333333333,1
82879,0.3333333333333333,1
83298,0.3333333333333333,1
83242,0.3333333333333333,1
83225,0.3333333333333333,1
83200,0.3333333333333333,1
83125,0.3333333333333333,1
82991,0.3333333333333333,1
82983,0.3333333333333333,1
82951,0.3333333333333333,1
82750,0.3333333333333333,1
82034,0.3333333333333333,1
82676,0.3333333333333333,1
82663,0.3333333333333333,1
82594,0.3333333333333333,1
82576,0.3333333333333333,1
82557,0.3333333333333333,1
82442,0.3333333333333333,1
82428,0.3333333333333333,1
82370,0.3333333333333333,1
80642,0.3333333333333333,1
80572,0.3333333333333333,1
80472,0.3333333333333333,1
77639,0.3333333333333333,1
78306,0.3333333333333333,1
78042,0.3333333333333333,1
78019,0.3333333333333333,1
77991,0.3333333333333333,1
77988,0.3333333333333333,1
77896,0.3333333333333333,1
77802,0.3333333333333333,1
77695,0.3333333333333333,1
77557,0.3333333333333333,1
78480,0.3333333333333333,1
77434,0.3333333333333333,1
77343,0.3333333333333333,1
77262,0.3333333333333333,1
77212,0.3333333333333333,1
76926,0.3333333333333333,1
76881,0.3333333333333333,1
76864,0.3333333333333333,1
76856,0.3333333333333333,1
78324,0.3333333333333333,1
78581,0.3333333333333333,1
80307,0.3333333333333333,1
79502,0.3333333333333333,1
80282,0.3333333333333333,1
80072,0.3333333333333333,1
80068,0.3333333333333333,1
80021,0.3333333333333333,1
79911,0.3333333333333333,1
79883,0.3333333333333333,1
79561,0.3333333333333333,1
79503,0.3333333333333333,1
79459,0.3333333333333333,1
78620,0.3333333333333333,1
79381,0.3333333333333333,1
79362,0.3333333333333333,1
79275,0.3333333333333333,1
79010,0.3333333333333333,1
78953,0.3333333333333333,1
78836,0.3333333333333333,1
78727,0.3333333333333333,1
78683,0.3333333333333333,1
42319,0.3333333333333333,1
99799,0.3333333333333333,1
42250,0.3333333333333333,1
17031,0.3333333333333333,1
18007,0.3333333333333333,1
17682,0.3333333333333333,1
17591,0.3333333333333333,1
17366,0.3333333333333333,1
17232,0.3333333333333333,1
17218,0.3333333333333333,1
17163,0.3333333333333333,1
17057,0.3333333333333333,1
16740,0.3333333333333333,1
19612,0.3333333333333333,1
16584,0.3333333333333333,1
16544,0.3333333333333333,1
16532,0.3333333333333333,1
16495,0.3333333333333333,1
16433,0.3333333333333333,1
16420,0.3333333333333333,1
16298,0.3333333333333333,1
16231,0.3333333333333333,1
18044,0.3333333333333333,1
18137,0.3333333333333333,1
18149,0.3333333333333333,1
18236,0.3333333333333333,1
19444,0.3333333333333333,1
19378,0.3333333333333333,1
19376,0.3333333333333333,1
19223,0.3333333333333333,1
18980,0.3333333333333333,1
18906,0.3333333333333333,1
18892,0.3333333333333333,1
18848,0.3333333333333333,1
18795,0.3333333333333333,1
18493,0.3333333333333333,1
18455,0.3333333333333333,1
18428,0.3333333333333333,1
18415,0.3333333333333333,1
18390,0.3333333333333333,1
18381,0.3333333333333333,1
18276,0.3333333333333333,1
18244,0.3333333333333333,1
16221,0.3333333333333333,1
16146,0.3333333333333333,1
16136,0.3333333333333333,1
14769,0.3333333333333333,1
14686,0.3333333333333333,1
14582,0.3333333333333333,1
14578,0.3333333333333333,1
14518,0.3333333333333333,1
14508,0.3333333333333333,1
14487,0.3333333333333333,1
14326,0.3333333333333333,1
14267,0.3333333333333333,1
14023,0.3333333333333333,1
13928,0.3333333333333333,1
13852,0.3333333333333333,1
13766,0.3333333333333333,1
13711,0.3333333333333333,1
13540,0.3333333333333333,1
13474,0.3333333333333333,1
13453,0.3333333333333333,1
13436,0.3333333333333333,1
14744,0.3333333333333333,1
14939,0.3333333333333333,1
16069,0.3333333333333333,1
15014,0.3333333333333333,1
15944,0.3333333333333333,1
15872,0.3333333333333333,1
15778,0.3333333333333333,1
15718,0.3333333333333333,1
15676,0.3333333333333333,1
15576,0.3333333333333333,1
15572,0.3333333333333333,1
15506,0.3333333333333333,1
15503,0.3333333333333333,1
15333,0.3333333333333333,1
15315,0.3333333333333333,1
15275,0.3333333333333333,1
15227,0.3333333333333333,1
15187,0.3333333333333333,1
15114,0.3333333333333333,1
15030,0.3333333333333333,1
15017,0.3333333333333333,1
19528,0.3333333333333333,1
19656,0.3333333333333333,1
26576,0.3333333333333333,1
24092,0.3333333333333333,1
24954,0.3333333333333333,1
24902,0.3333333333333333,1
24812,0.3333333333333333,1
24688,0.3333333333333333,1
24487,0.3333333333333333,1
24427,0.3333333333333333,1
24335,0.3333333333333333,1
24094,0.3333333333333333,1
23744,0.3333333333333333,1
42230,0.3333333333333333,1
23694,0.3333333333333333,1
23582,0.3333333333333333,1
23459,0.3333333333333333,1
23457,0.3333333333333333,1
23451,0.3333333333333333,1
23401,0.3333333333333333,1
23327,0.3333333333333333,1
23256,0.3333333333333333,1
25035,0.3333333333333333,1
25083,0.3333333333333333,1
25103,0.3333333333333333,1
25149,0.3333333333333333,1
26403,0.3333333333333333,1
26361,0.3333333333333333,1
26306,0.3333333333333333,1
26247,0.3333333333333333,1
26130,0.3333333333333333,1
26086,0.3333333333333333,1
26077,0.3333333333333333,1
25978,0.3333333333333333,1
25844,0.3333333333333333,1
25807,0.3333333333333333,1
25732,0.3333333333333333,1
25653,0.3333333333333333,1
25632,0.3333333333333333,1
25580,0.3333333333333333,1
25373,0.3333333333333333,1
25361,0.3333333333333333,1
25271,0.3333333333333333,1
23243,0.3333333333333333,1
23159,0.3333333333333333,1
22995,0.3333333333333333,1
21531,0.3333333333333333,1
21368,0.3333333333333333,1
21223,0.3333333333333333,1
21156,0.3333333333333333,1
21036,0.3333333333333333,1
21034,0.3333333333333333,1
20959,0.3333333333333333,1
20953,0.3333333333333333,1
20917,0.3333333333333333,1
20912,0.3333333333333333,1
20498,0.3333333333333333,1
20416,0.3333333333333333,1
20376,0.3333333333333333,1
20302,0.3333333333333333,1
20263,0.3333333333333333,1
20198,0.3333333333333333,1
20046,0.3333333333333333,1
19812,0.3333333333333333,1
21387,0.3333333333333333,1
21549,0.3333333333333333,1
22986,0.3333333333333333,1
21560,0.3333333333333333,1
22921,0.3333333333333333,1
22905,0.3333333333333333,1
22855,0.3333333333333333,1
22777,0.3333333333333333,1
22712,0.3333333333333333,1
22700,0.3333333333333333,1
22552,0.3333333333333333,1
22484,0.3333333333333333,1
22415,0.3333333333333333,1
22385,0.3333333333333333,1
22244,0.3333333333333333,1
22142,0.3333333333333333,1
22011,0.3333333333333333,1
21945,0.3333333333333333,1
21796,0.3333333333333333,1
21769,0.3333333333333333,1
21761,0.3333333333333333,1
13389,0.3333333333333333,1
13314,0.3333333333333333,1
13239,0.3333333333333333,1
4927,0.3333333333333333,1
5310,0.3333333333333333,1
5285,0.3333333333333333,1
5236,0.3333333333333333,1
5197,0.3333333333333333,1
5142,0.3333333333333333,1
5066,0.3333333333333333,1
5015,0.3333333333333333,1
4976,0.3333333333333333,1
4880,0.3333333333333333,1
13077,0.3333333333333333,1
4869,0.3333333333333333,1
4779,0.3333333333333333,1
4757,0.3333333333333333,1
4741,0.3333333333333333,1
4681,0.3333333333333333,1
4621,0.3333333333333333,1
4477,0.3333333333333333,1
4282,0.3333333333333333,1
5357,0.3333333333333333,1
5364,0.3333333333333333,1
5388,0.3333333333333333,1
5404,0.3333333333333333,4
6674,0.3333333333333333,1
6613,0.3333333333333333,1
6596,0.3333333333333333,1
6475,0.3333333333333333,1
6317,0.3333333333333333,1
6293,0.3333333333333333,1
6280,0.3333333333333333,1
6189,0.3333333333333333,1
6048,0.3333333333333333,1
6035,0.3333333333333333,1
5963,0.3333333333333333,1
5907,0.3333333333333333,1
5859,0.3333333333333333,1
5809,0.3333333333333333,1
5709,0.3333333333333333,1
5636,0.3333333333333333,1
5576,0.3333333333333333,1
4148,0.3333333333333333,1
4138,0.3333333333333333,1
4131,0.3333333333333333,1
2176,0.3333333333333333,1
2092,0.3333333333333333,1
2066,0.3333333333333333,1
2054,0.3333333333333333,1
1954,0.3333333333333333,1
1953,0.3333333333333333,1
1890,0.3333333333333333,1
1746,0.3333333333333333,1
1613,0.3333333333333333,1
1535,0.3333333333333333,1
1466,0.3333333333333333,1
1084,0.3333333333333333,1
924,0.3333333333333333,1
896,0.3333333333333333,1
696,0.3333333333333333,1
656,0.3333333333333333,1
388,0.3333333333333333,1
65,0.3333333333333333,1
2126,0.3333333333333333,1
2275,0.3333333333333333,1
4111,0.3333333333333333,1
2311,0.3333333333333333,1
3972,0.3333333333333333,1
3822,0.3333333333333333,1
3788,0.3333333333333333,1
3787,0.3333333333333333,1
3779,0.3333333333333333,1
3736,0.3333333333333333,1
3643,0.3333333333333333,1
3617,0.3333333333333333,1
3597,0.3333333333333333,1
3430,0.3333333333333333,1
3057,0.3333333333333333,1
3028,0.3333333333333333,1
2962,0.3333333333333333,1
2895,0.3333333333333333,1
2800,0.3333333333333333,1
2538,0.3333333333333333,1
2436,0.3333333333333333,1
6756,0.3333333333333333,1
6834,0.3333333333333333,1
6984,0.3333333333333333,1
11883,0.3333333333333333,1
11580,0.3333333333333333,1
11506,0.3333333333333333,1
11471,0.3333333333333333,1
11265,0.3333333333333333,1
11210,0.3333333333333333,1
11043,0.3333333333333333,1
11021,0.3333333333333333,1
10940,0.3333333333333333,1
10936,0.3333333333333333,1
10703,0.3333333333333333,1
10697,0.3333333333333333,1
10292,0.3333333333333333,1
10261,0.3333333333333333,1
10219,0.3333333333333333,1
10016,0.3333333333333333,1
10002,0.3333333333333333,1
9978,0.3333333333333333,1
11858,0.3333333333333333,1
11962,0.3333333333333333,1
9649,0.3333333333333333,1
12010,0.3333333333333333,1
13052,0.3333333333333333,1
13029,0.3333333333333333,1
13019,0.3333333333333333,1
12988,0.3333333333333333,1
12942,0.3333333333333333,1
12878,0.3333333333333333,1
12729,0.3333333333333333,1
12644,0.3333333333333333,1
12557,0.3333333333333333,1
12555,0.3333333333333333,1
12383,0.3333333333333333,1
12339,0.3333333333333333,1
12299,0.3333333333333333,1
12274,0.3333333333333333,1
12247,0.3333333333333333,1
12197,0.3333333333333333,1
12125,0.3333333333333333,1
9956,0.3333333333333333,1
9634,0.3333333333333333,1
7147,0.3333333333333333,1
8377,0.3333333333333333,1
8284,0.3333333333333333,1
8246,0.3333333333333333,1
8111,0.3333333333333333,1
7960,0.3333333333333333,1
7956,0.3333333333333333,1
7954,0.3333333333333333,1
7899,0.3333333333333333,1
7889,0.3333333333333333,1
7609,0.3333333333333333,1
7569,0.3333333333333333,1
7519,0.3333333333333333,1
7478,0.3333333333333333,1
7313,0.3333333333333333,1
7285,0.3333333333333333,1
7264,0.3333333333333333,1
7217,0.3333333333333333,1
7205,0.3333333333333333,1
8358,0.3333333333333333,1
8466,0.3333333333333333,1
9626,0.3333333333333333,1
8487,0.3333333333333333,1
9603,0.3333333333333333,1
9595,0.3333333333333333,1
9550,0.3333333333333333,1
9507,0.3333333333333333,1
9456,0.3333333333333333,1
9423,0.3333333333333333,1
9397,0.3333333333333333,1
9329,0.3333333333333333,1
9319,0.3333333333333333,1
9313,0.3333333333333333,1
9309,0.3333333333333333,1
9244,0.3333333333333333,1
9222,0.3333333333333333,1
9008,0.3333333333333333,1
8909,0.3333333333333333,1
8695,0.3333333333333333,1
8576,0.3333333333333333,1
26502,0.3333333333333333,1
19737,0.3333333333333333,1
35530,0.3333333333333333,1
38764,0.3333333333333333,1
31497,0.3333333333333333,1
38648,0.3333333333333333,1
38644,0.3333333333333333,1
31659,0.3333333333333333,1
31663,0.3333333333333333,1
31716,0.3333333333333333,1
38513,0.3333333333333333,1
31761,0.3333333333333333,1
38455,0.3333333333333333,1
31810,0.3333333333333333,1
38353,0.3333333333333333,1
38327,0.3333333333333333,1
38302,0.3333333333333333,1
38274,0.3333333333333333,1
32076,0.3333333333333333,1
38221,0.3333333333333333,1
38142,0.3333333333333333,1
38131,0.3333333333333333,1
37980,0.3333333333333333,1
37931,0.3333333333333333,1
37760,0.3333333333333333,1
37712,0.3333333333333333,1
37654,0.3333333333333333,1
37651,0.3333333333333333,1
32287,0.3333333333333333,1
32355,0.3333333333333333,1
32458,0.3333333333333333,1
38710,0.3333333333333333,1
38783,0.3333333333333333,1
32620,0.3333333333333333,1
31403,0.3333333333333333,1
39677,0.3333333333333333,1
30156,0.3333333333333333,1
39535,0.3333333333333333,1
30264,0.3333333333333333,1
30308,0.3333333333333333,1
39522,0.3333333333333333,1
39502,0.3333333333333333,1
39477,0.3333333333333333,1
30365,0.3333333333333333,1
30370,0.3333333333333333,1
39360,0.3333333333333333,1
30555,0.3333333333333333,1
30643,0.3333333333333333,1
30659,0.3333333333333333,1
30681,0.3333333333333333,1
39273,0.3333333333333333,1
39051,0.3333333333333333,1
30688,0.3333333333333333,1
39028,0.3333333333333333,1
30727,0.3333333333333333,1
38984,0.3333333333333333,1
30753,0.3333333333333333,1
31030,0.3333333333333333,1
31154,0.3333333333333333,1
38901,0.3333333333333333,4
38891,0.3333333333333333,1
31309,0.3333333333333333,1
37593,0.3333333333333333,1
32690,0.3333333333333333,1
39791,0.3333333333333333,1
33938,0.3333333333333333,1
34122,0.3333333333333333,1
36455,0.3333333333333333,1
34188,0.3333333333333333,1
34246,0.3333333333333333,1
36311,0.3333333333333333,1
36278,0.3333333333333333,1
36258,0.3333333333333333,1
36218,0.3333333333333333,1
34566,0.3333333333333333,1
36159,0.3333333333333333,1
36154,0.3333333333333333,1
34799,0.3333333333333333,1
36146,0.3333333333333333,1
36115,0.3333333333333333,1
36107,0.3333333333333333,1
35132,0.3333333333333333,1
35895,0.3333333333333333,1
35174,0.3333333333333333,1
35769,0.3333333333333333,1
35249,0.3333333333333333,1
35333,0.3333333333333333,1
35743,0.3333333333333333,1
35679,0.3333333333333333,1
35379,0.3333333333333333,1
35398,0.3333333333333333,1
35437,0.3333333333333333,1
35512,0.3333333333333333,1
33952,0.3333333333333333,1
36605,0.3333333333333333,1
37432,0.3333333333333333,1
33903,0.3333333333333333,1
32763,0.3333333333333333,1
32808,0.3333333333333333,1
32810,0.3333333333333333,1
37339,0.3333333333333333,1
37267,0.3333333333333333,1
32954,0.3333333333333333,1
33006,0.3333333333333333,1
37229,0.3333333333333333,1
33045,0.3333333333333333,1
37172,0.3333333333333333,1
33086,0.3333333333333333,1
33116,0.3333333333333333,1
33158,0.3333333333333333,1
37132,0.3333333333333333,1
33173,0.3333333333333333,1
37052,0.3333333333333333,1
36991,0.3333333333333333,1
36884,0.3333333333333333,1
33367,0.3333333333333333,1
33510,0.3333333333333333,1
33528,0.3333333333333333,1
33605,0.3333333333333333,1
36830,0.3333333333333333,1
36825,0.3333333333333333,1
36622,0.3333333333333333,1
33790,0.3333333333333333,1
33862,0.3333333333333333,1
30032,0.3333333333333333,1
38970,0.3333333333333333,1
39933,0.3333333333333333,1
41032,0.3333333333333333,1
41828,0.3333333333333333,1
41809,0.3333333333333333,1
28673,0.3333333333333333,1
41786,0.3333333333333333,1
28675,0.3333333333333333,1
28721,0.3333333333333333,1
41700,0.3333333333333333,1
41634,0.3333333333333333,1
41548,0.3333333333333333,1
41537,0.3333333333333333,1
28798,0.3333333333333333,1
28933,0.3333333333333333,1
29074,0.3333333333333333,1
41525,0.3333333333333333,1
29120,0.3333333333333333,1
41286,0.3333333333333333,1
29168,0.3333333333333333,1
29280,0.3333333333333333,1
41267,0.3333333333333333,1
41264,0.3333333333333333,1
29386,0.3333333333333333,1
41212,0.3333333333333333,1
29463,0.3333333333333333,1
41862,0.3333333333333333,1
41891,0.3333333333333333,1
28639,0.3333333333333333,1
42075,0.3333333333333333,1
26868,0.3333333333333333,1
42227,0.3333333333333333,1
27327,0.3333333333333333,1
27356,0.3333333333333333,1
27444,0.3333333333333333,1
42214,0.3333333333333333,1
42191,0.3333333333333333,1
27633,0.3333333333333333,1
42170,0.3333333333333333,1
27762,0.3333333333333333,1
27973,0.3333333333333333,1
41916,0.3333333333333333,1
28103,0.3333333333333333,1
28172,0.3333333333333333,1
28212,0.3333333333333333,1
42060,0.3333333333333333,1
28265,0.3333333333333333,1
28269,0.3333333333333333,1
28279,0.3333333333333333,1
28336,0.3333333333333333,1
28362,0.3333333333333333,1
28573,0.3333333333333333,1
41067,0.3333333333333333,1
28708,0.3333333333333333,1
29904,0.3333333333333333,1
40238,0.3333333333333333,1
29910,0.3333333333333333,1
39971,0.3333333333333333,1
40332,0.3333333333333333,1
29620,0.3333333333333333,1
40406,0.3333333333333333,1
29766,0.3333333333333333,1
29661,0.3333333333333333,1
29719,0.3333333333333333,1
29817,0.3333333333333333,1
40373,0.3333333333333333,1
29842,0.3333333333333333,1
29830,0.3333333333333333,1
40616,0.3333333333333333,1
40728,0.3333333333333333,1
29476,0.3333333333333333,1
40983,0.3333333333333333,1
29568,0.3333333333333333,1
29681,0.3333333333333333,1
63050,0.3,8
10554,0.25,2
36324,0.25,2
11202,0.25,2
10707,0.25,2
50897,0.25,2
40095,0.25,2
4997,0.25,2
11110,0.25,2
981,0.25,2
44397,0.25,2
10297,0.25,2
10291,0.25,2
83294,0.25,2
5832,0.25,2
39385,0.25,2
84546,0.25,2
84699,0.25,2
84868,0.25,2
98233,0.25,2
10226,0.25,2
10213,0.25,2
10030,0.25,2
991,0.25,2
51319,0.25,2
921,0.25,2
12331,0.25,2
52165,0.25,2
12561,0.25,2
99711,0.25,2
35610,0.25,2
92835,0.25,2
81977,0.25,2
51809,0.25,2
82100,0.25,2
82317,0.25,2
99679,0.25,2
99653,0.25,2
93354,0.25,2
91,0.25,2
82533,0.25,2
99419,0.25,2
42546,0.25,2
341,0.25,2
12157,0.25,2
36049,0.25,2
12063,0.25,2
5557,0.25,2
82894,0.25,2
99333,0.25,2
99298,0.25,2
40046,0.25,2
83044,0.25,2
603,0.25,2
42687,0.25,2
11829,0.25,2
94026,0.25,2
84947,0.25,2
85250,0.25,2
97900,0.25,2
88389,0.25,2
86760,0.25,2
49387,0.25,2
90853,0.25,2
96704,0.25,2
87081,0.25,2
38964,0.25,2
90572,0.25,2
8863,0.25,2
4242,0.25,2
41438,0.25,2
43816,0.25,2
94549,0.25,2
88252,0.25,2
3097,0.25,2
46666,0.25,2
8203,0.25,2
6880,0.25,2
88540,0.25,2
3115,0.25,2
96239,0.25,2
48376,0.25,2
40591,0.25,2
38803,0.25,2
88962,0.25,2
7672,0.25,2
7580,0.25,2
3659,0.25,2
3978,0.25,2
43575,0.25,2
47252,0.25,2
81736,0.25,2
96863,0.25,2
91707,0.25,2
84985,0.25,2
91689,0.25,2
1569,0.25,2
7513,0.25,2
91461,0.25,2
97631,0.25,2
9828,0.25,2
94325,0.25,2
39340,0.25,2
37038,0.25,2
1657,0.25,2
45289,0.25,2
1931,0.25,2
40376,0.25,2
86032,0.25,2
86075,0.25,2
43076,0.25,2
97285,0.25,2
97142,0.25,2
6440,0.25,2
37323,0.25,2
86534,0.25,2
39967,0.25,2
43387,0.25,2
44822,0.25,2
6495,0.25,2
12663,0.25,2
16,0.25,2
72133,0.25,2
25496,0.25,2
32213,0.25,2
65465,0.25,2
24295,0.25,2
65760,0.25,2
23720,0.25,2
74369,0.25,2
60510,0.25,2
17666,0.25,2
17763,0.25,2
65951,0.25,2
31978,0.25,2
66172,0.25,2
18107,0.25,2
56403,0.25,2
23396,0.25,2
21967,0.25,2
65398,0.25,2
74505,0.25,2
24618,0.25,2
15402,0.25,2
61644,0.25,2
61529,0.25,2
61211,0.25,2
33256,0.25,2
33167,0.25,2
15858,0.25,2
56148,0.25,2
76196,0.25,2
55531,0.25,2
32384,0.25,2
24454,0.25,2
65386,0.25,2
74770,0.25,2
56464,0.25,2
31644,0.25,2
59856,0.25,2
21168,0.25,2
30431,0.25,2
20465,0.25,2
67635,0.25,2
67715,0.25,2
58209,0.25,2
22454,0.25,2
58552,0.25,2
20194,0.25,2
68077,0.25,2
69413,0.25,2
22324,0.25,2
68350,0.25,2
69297,0.25,2
29728,0.25,2
70943,0.25,2
57839,0.25,2
29140,0.25,2
72057,0.25,2
18679,0.25,2
72565,0.25,2
67049,0.25,2
22918,0.25,2
18874,0.25,2
72204,0.25,2
57534,0.25,2
22612,0.25,2
71725,0.25,2
29418,0.25,2
71684,0.25,2
19258,0.25,2
71549,0.25,2
57682,0.25,2
25471,0.25,2
74499,0.25,2
33641,0.25,2
63705,0.25,2
79123,0.25,2
25921,0.25,2
79266,0.25,2
79326,0.25,2
14427,0.25,2
34464,0.25,2
14322,0.25,2
34561,0.25,2
14025,0.25,2
62486,0.25,2
79547,0.25,2
14006,0.25,2
77791,0.25,2
79938,0.25,2
34376,0.25,2
26059,0.25,2
13827,0.25,2
27494,0.25,2
80160,0.25,2
63467,0.25,2
63113,0.25,2
62788,0.25,2
13551,0.25,2
27089,0.25,2
52603,0.25,2
13202,0.25,2
13148,0.25,2
52464,0.25,2
62255,0.25,2
68953,0.25,6
64076,0.25,2
15140,0.25,2
78660,0.25,2
33688,0.25,2
53732,0.25,2
78379,0.25,2
78105,0.25,2
25671,0.25,2
14834,0.25,2
64329,0.25,2
78601,0.25,2
78654,0.25,2
78653,0.25,2
90035,0.2222222222222222,7
70989,0.2,3
46700,0.2,3
57997,0.2,3
95630,0.2,3
70405,0.2,3
35930,0.2,3
13371,0.2,3
24714,0.2,3
85032,0.2,3
44459,0.2,3
5868,0.2,3
19569,0.2,3
80749,0.2,3
57903,0.2,3
27220,0.2,3
13410,0.2,3
26503,0.2,3
44529,0.2,3
82113,0.2,3
5525,0.2,3
52496,0.2,3
40051,0.2,3
35579,0.2,3
62891,0.2,3
81433,0.2,3
69319,0.2,3
22118,0.2,3
21386,0.2,3
40469,0.2,3
99730,0.2,3
93225,0.2,3
46367,0.2,3
93050,0.2,3
26647,0.2,3
46129,0.2,3
92897,0.2,3
85137,0.2,3
21087,0.2,3
39705,0.2,3
94544,0.2,3
86011,0.2,3
51575,0.2,3
13720,0.2,3
8754,0.2,3
7555,0.2,3
80345,0.2,3
7594,0.2,3
60073,0.2,3
28785,0.2,3
23591,0.2,3
18046,0.2,3
32527,0.2,3
86777,0.2,3
17712,0.2,3
88463,0.2,3
56239,0.2,3
86964,0.2,3
34434,0.2,3
23781,0.2,3
74754,0.2,3
38109,0.2,3
28647,0.2,3
32268,0.2,3
34433,0.2,3
83283,0.2,3
89514,0.2,3
18675,0.2,3
7265,0.2,3
32901,0.2,3
18329,0.2,3
33044,0.2,3
76291,0.2,3
47759,0.2,3
9363,0.2,3
72751,0.2,3
32895,0.2,3
60884,0.2,3
99021,0.2,3
86197,0.2,3
63526,0.16666666666666666,4
217,0.16666666666666666,4
95499,0.16666666666666666,4
68380,0.16666666666666666,4
25726,0.16666666666666666,4
22906,0.16666666666666666,4
95558,0.16666666666666666,4
22532,0.16666666666666666,4
3194,0.16666666666666666,4
65919,0.16666666666666666,4
59777,0.16666666666666666,4
22605,0.16666666666666666,4
98913,0.16666666666666666,4
96553,0.16666666666666666,4
43938,0.16666666666666666,4
95110,0.16666666666666666,4
98542,0.16666666666666666,4
12855,0.16666666666666666,4
48752,0.16666666666666666,4
73915,0.16666666666666666,4
17264,0.16666666666666666,4
17304,0.16666666666666666,4
32186,0.16666666666666666,4
88500,0.16666666666666666,4
46837,0.16666666666666666,4
57737,0.16666666666666666,4
88862,0.16666666666666666,4
47605,0.16666666666666666,4
38388,0.16666666666666666,4
71701,0.16666666666666666,4
7626,0.16666666666666666,4
38410,0.16666666666666666,4
35601,0.16666666666666666,4
72355,0.16666666666666666,4
8549,0.16666666666666666,4
16793,0.16666666666666666,4
15842,0.16666666666666666,4
15064,0.16666666666666666,4
50493,0.16666666666666666,4
14646,0.16666666666666666,4
30180,0.16666666666666666,4
50653,0.16666666666666666,4
50970,0.16666666666666666,4
79530,0.16666666666666666,4
80155,0.16666666666666666,4
13767,0.16666666666666666,4
35140,0.16666666666666666,4
82589,0.16666666666666666,4
82477,0.16666666666666666,4
81229,0.16666666666666666,4
45827,0.16666666666666666,4
56710,0.16666666666666666,4
29744,0.15384615384615385,11
7246,0.14285714285714285,5
97967,0.14285714285714285,5
85435,0.14285714285714285,5
84548,0.14285714285714285,5
39528,0.14285714285714285,5
50512,0.14285714285714285,5
76725,0.14285714285714285,12
4039,0.14285714285714285,5
92441,0.14285714285714285,5
87559,0.14285714285714285,5
92029,0.14285714285714285,5
704,0.14285714285714285,5
30121,0.14285714285714285,5
70454,0.14285714285714285,5
34597,0.14285714285714285,5
12476,0.14285714285714285,5
58892,0.14285714285714285,5
52378,0.14285714285714285,5
56451,0.14285714285714285,5
44229,0.14285714285714285,5
89161,0.14285714285714285,5
60121,0.14285714285714285,5
15371,0.14285714285714285,5
41034,0.14285714285714285,5
45959,0.14285714285714285,5
82613,0.14285714285714285,5
93520,0.14285714285714285,5
36411,0.125,6
67952,0.125,6
68998,0.125,6
93711,0.125,6
11863,0.125,6
9842,0.125,6
59566,0.125,6
77233,0.125,6
5753,0.125,6
22533,0.125,6
91013,0.125,6
57964,0.125,6
828,0.1111111111111111,7
1356,0.1111111111111111,7
90032,0.1,8
13772,0.1,8
92089,0.1,8
72386,0.1,8
59324,0.1,8
52663,0.1,8
43078,0.1,8
6112,0.1,8
88242,0.09090909090909091,9
24340,0.08333333333333333,10
31960,0.08333333333333333,10
33192,0.08333333333333333,10
99379,0.07692307692307693,11
93881,0.07692307692307693,11
29931,0.07142857142857142,12
36929,0.06666666666666667,13
4129,0.0625,14
42178,0.058823529411764705,15
17348,0.05555555555555555,16
26981,0.05555555555555555,16
26765,0.05,18
79698,0.041666666666666664,22
49205,0.013333333333333334,73
