user_id,Risk_Score,Total_Trans
75710,0.9166666666666666,10
7725,0.8888888888888888,7
96025,0.875,14
17929,0.875,6
21768,0.875,6
78262,0.8666666666666667,13
99396,0.8571428571428571,5
71424,0.8571428571428571,5
86411,0.8571428571428571,5
28218,0.8571428571428571,5
79054,0.8421052631578947,17
27555,0.8333333333333334,4
50643,0.8333333333333334,4
11065,0.8333333333333334,4
91637,0.8333333333333334,22
30874,0.8333333333333334,4
17807,0.8333333333333334,4
81152,0.8333333333333334,4
76819,0.8333333333333334,4
58905,0.8333333333333334,4
19820,0.8,3
92259,0.8,3
83258,0.8,3
73385,0.8,3
53850,0.8,3
44531,0.8,3
6761,0.8,3
5541,0.8,3
4651,0.8,3
76768,0.8,3
55630,0.8,3
40493,0.8,3
66979,0.8,3
87048,0.8,3
11750,0.7878787878787878,31
81164,0.75,2
27779,0.75,2
21702,0.75,2
76422,0.75,2
21233,0.75,2
79998,0.75,2
24543,0.75,2
93767,0.75,2
70557,0.75,2
37113,0.75,2
69758,0.75,2
97611,0.75,2
92930,0.75,2
69466,0.75,2
9600,0.75,2
93156,0.75,2
56139,0.75,2
75889,0.75,2
12678,0.75,2
47604,0.75,2
52129,0.75,2
35138,0.75,2
26251,0.75,2
96495,0.75,2
90176,0.75,2
16862,0.75,2
27657,0.7142857142857143,5
69588,0.7142857142857143,5
45420,0.6666666666666666,1
86219,0.6666666666666666,1
93679,0.6666666666666666,1
38734,0.6666666666666666,1
45031,0.6666666666666666,1
79237,0.6666666666666666,1
69973,0.6666666666666666,1
85612,0.6666666666666666,1
95694,0.6666666666666666,1
70457,0.6666666666666666,1
70465,0.6666666666666666,1
4744,0.6666666666666666,1
38890,0.6666666666666666,1
58709,0.6666666666666666,1
31819,0.6666666666666666,4
57127,0.6666666666666666,1
79462,0.6666666666666666,1
31867,0.6666666666666666,1
17507,0.6666666666666666,1
39334,0.6666666666666666,1
43108,0.6666666666666666,1
41281,0.6666666666666666,1
11858,0.6666666666666666,1
67845,0.6666666666666666,1
83826,0.6666666666666666,1
90144,0.6666666666666666,1
61415,0.6666666666666666,1
18227,0.6666666666666666,4
12756,0.6666666666666666,1
89064,0.6666666666666666,1
61047,0.6666666666666666,1
68191,0.6666666666666666,1
60263,0.6666666666666666,1
66643,0.6666666666666666,1
43018,0.6666666666666666,1
19199,0.6666666666666666,1
80769,0.6666666666666666,1
62888,0.6666666666666666,1
92034,0.6666666666666666,4
59418,0.6666666666666666,1
19440,0.6666666666666666,1
84071,0.6666666666666666,1
43913,0.6666666666666666,1
8761,0.6666666666666666,1
8743,0.6666666666666666,1
16644,0.6666666666666666,1
40595,0.6666666666666666,1
63582,0.6666666666666666,1
89615,0.6666666666666666,4
44494,0.6666666666666666,1
13793,0.6666666666666666,1
81642,0.6666666666666666,1
85897,0.6666666666666666,1
50734,0.6666666666666666,1
27987,0.6666666666666666,1
50699,0.6666666666666666,1
74844,0.6666666666666666,1
96972,0.6666666666666666,1
96976,0.6666666666666666,1
3157,0.6666666666666666,1
77999,0.6666666666666666,1
23916,0.6666666666666666,1
99876,0.6666666666666666,1
97150,0.6666666666666666,1
73867,0.6666666666666666,1
24027,0.6666666666666666,1
900,0.6666666666666666,1
96576,0.6666666666666666,1
67519,0.625,6
83722,0.625,6
3584,0.625,6
65935,0.6,3
71433,0.6,3
10378,0.6,3
42677,0.5714285714285714,5
7695,0.5555555555555556,7
56877,0.5454545454545454,9
24644,0.5,2
33805,0.5,2
23429,0.5,2
2708,0.5,2
90182,0.5,2
16781,0.5,2
39443,0.5,2
64057,0.5,2
9853,0.45454545454545453,9
11452,0.4,8
57594,0.4,3
68196,0.3333333333333333,1
67315,0.3333333333333333,1
67044,0.3333333333333333,1
67546,0.3333333333333333,1
73734,0.3333333333333333,1
68095,0.3333333333333333,1
67505,0.3333333333333333,1
68255,0.3333333333333333,1
68159,0.3333333333333333,1
67045,0.3333333333333333,1
73751,0.3333333333333333,1
73752,0.3333333333333333,1
67117,0.3333333333333333,1
67464,0.3333333333333333,1
73138,0.3333333333333333,1
67424,0.3333333333333333,1
67126,0.3333333333333333,1
68208,0.3333333333333333,1
67417,0.3333333333333333,1
67558,0.3333333333333333,1
67241,0.3333333333333333,1
67966,0.3333333333333333,1
67681,0.3333333333333333,1
73717,0.3333333333333333,1
73615,0.3333333333333333,1
73391,0.3333333333333333,1
67953,0.3333333333333333,1
67934,0.3333333333333333,1
67927,0.3333333333333333,1
73411,0.3333333333333333,1
73271,0.3333333333333333,1
67967,0.3333333333333333,1
73415,0.3333333333333333,1
73549,0.3333333333333333,1
67876,0.3333333333333333,1
67850,0.3333333333333333,1
67843,0.3333333333333333,1
68081,0.3333333333333333,1
67794,0.3333333333333333,1
67973,0.3333333333333333,1
73794,0.3333333333333333,1
67770,0.3333333333333333,1
67732,0.3333333333333333,1
73616,0.3333333333333333,1
73700,0.3333333333333333,1
67982,0.3333333333333333,1
67698,0.3333333333333333,1
73362,0.3333333333333333,1
67650,0.3333333333333333,1
67017,0.3333333333333333,1
73854,0.3333333333333333,1
73822,0.3333333333333333,1
66168,0.3333333333333333,1
66117,0.3333333333333333,1
66026,0.3333333333333333,1
66012,0.3333333333333333,1
65981,0.3333333333333333,1
65956,0.3333333333333333,1
65954,0.3333333333333333,1
74248,0.3333333333333333,1
65917,0.3333333333333333,1
74272,0.3333333333333333,1
65759,0.3333333333333333,1
65740,0.3333333333333333,1
65703,0.3333333333333333,1
65676,0.3333333333333333,1
65565,0.3333333333333333,1
65457,0.3333333333333333,1
74328,0.3333333333333333,1
65439,0.3333333333333333,1
65407,0.3333333333333333,1
65386,0.3333333333333333,1
65346,0.3333333333333333,1
74352,0.3333333333333333,1
74404,0.3333333333333333,1
65344,0.3333333333333333,1
65320,0.3333333333333333,1
74510,0.3333333333333333,1
65249,0.3333333333333333,1
65183,0.3333333333333333,1
65182,0.3333333333333333,1
65049,0.3333333333333333,1
66165,0.3333333333333333,1
74151,0.3333333333333333,1
73846,0.3333333333333333,1
66182,0.3333333333333333,1
73848,0.3333333333333333,1
66962,0.3333333333333333,1
66874,0.3333333333333333,1
73851,0.3333333333333333,1
66763,0.3333333333333333,1
66724,0.3333333333333333,1
68418,0.3333333333333333,1
73872,0.3333333333333333,1
73879,0.3333333333333333,1
66642,0.3333333333333333,1
66641,0.3333333333333333,1
66635,0.3333333333333333,1
73956,0.3333333333333333,1
66627,0.3333333333333333,1
66618,0.3333333333333333,1
66600,0.3333333333333333,1
66539,0.3333333333333333,1
74040,0.3333333333333333,1
66526,0.3333333333333333,1
66522,0.3333333333333333,1
66500,0.3333333333333333,1
66496,0.3333333333333333,1
66495,0.3333333333333333,1
66471,0.3333333333333333,1
74112,0.3333333333333333,1
66465,0.3333333333333333,1
66310,0.3333333333333333,1
66309,0.3333333333333333,1
66201,0.3333333333333333,1
68379,0.3333333333333333,1
72983,0.3333333333333333,1
68462,0.3333333333333333,1
72170,0.3333333333333333,1
71824,0.3333333333333333,1
71828,0.3333333333333333,1
70616,0.3333333333333333,1
71877,0.3333333333333333,1
70589,0.3333333333333333,1
71949,0.3333333333333333,1
70568,0.3333333333333333,1
72080,0.3333333333333333,1
70555,0.3333333333333333,1
70507,0.3333333333333333,1
70472,0.3333333333333333,1
70470,0.3333333333333333,1
72141,0.3333333333333333,1
70403,0.3333333333333333,1
70240,0.3333333333333333,1
69750,0.3333333333333333,1
70213,0.3333333333333333,1
70204,0.3333333333333333,1
70165,0.3333333333333333,1
70094,0.3333333333333333,1
70017,0.3333333333333333,1
72210,0.3333333333333333,1
69953,0.3333333333333333,1
69927,0.3333333333333333,1
69916,0.3333333333333333,1
72222,0.3333333333333333,1
69890,0.3333333333333333,1
69885,0.3333333333333333,1
69843,0.3333333333333333,1
72254,0.3333333333333333,1
70633,0.3333333333333333,1
71812,0.3333333333333333,1
70648,0.3333333333333333,1
70650,0.3333333333333333,1
71474,0.3333333333333333,1
71391,0.3333333333333333,1
71366,0.3333333333333333,1
71499,0.3333333333333333,1
71352,0.3333333333333333,1
71560,0.3333333333333333,1
71326,0.3333333333333333,1
71295,0.3333333333333333,1
71270,0.3333333333333333,1
71248,0.3333333333333333,1
71234,0.3333333333333333,1
71216,0.3333333333333333,1
71589,0.3333333333333333,1
71122,0.3333333333333333,1
71104,0.3333333333333333,1
71635,0.3333333333333333,1
71077,0.3333333333333333,1
71063,0.3333333333333333,1
71021,0.3333333333333333,1
71002,0.3333333333333333,1
70906,0.3333333333333333,1
70824,0.3333333333333333,1
71710,0.3333333333333333,1
70808,0.3333333333333333,1
70800,0.3333333333333333,1
70785,0.3333333333333333,1
70760,0.3333333333333333,1
70746,0.3333333333333333,1
70698,0.3333333333333333,1
69839,0.3333333333333333,1
72278,0.3333333333333333,1
68495,0.3333333333333333,1
72941,0.3333333333333333,1
72739,0.3333333333333333,1
68983,0.3333333333333333,1
68954,0.3333333333333333,1
68914,0.3333333333333333,1
72783,0.3333333333333333,1
72814,0.3333333333333333,1
68893,0.3333333333333333,1
68861,0.3333333333333333,1
72856,0.3333333333333333,1
68772,0.3333333333333333,1
68769,0.3333333333333333,1
68764,0.3333333333333333,1
72886,0.3333333333333333,1
68751,0.3333333333333333,1
68740,0.3333333333333333,1
69680,0.3333333333333333,1
72958,0.3333333333333333,1
68703,0.3333333333333333,1
72960,0.3333333333333333,1
68688,0.3333333333333333,1
68656,0.3333333333333333,1
68638,0.3333333333333333,1
68598,0.3333333333333333,1
72962,0.3333333333333333,1
73005,0.3333333333333333,1
68580,0.3333333333333333,1
68578,0.3333333333333333,1
73114,0.3333333333333333,1
68575,0.3333333333333333,1
68523,0.3333333333333333,1
68987,0.3333333333333333,1
72735,0.3333333333333333,1
72728,0.3333333333333333,1
69032,0.3333333333333333,1
69623,0.3333333333333333,1
69596,0.3333333333333333,1
72328,0.3333333333333333,1
69583,0.3333333333333333,1
65030,0.3333333333333333,1
69532,0.3333333333333333,1
69528,0.3333333333333333,1
72360,0.3333333333333333,1
72362,0.3333333333333333,1
69379,0.3333333333333333,1
69317,0.3333333333333333,1
69300,0.3333333333333333,1
72410,0.3333333333333333,1
72413,0.3333333333333333,1
72424,0.3333333333333333,1
69285,0.3333333333333333,1
69278,0.3333333333333333,1
72458,0.3333333333333333,1
69179,0.3333333333333333,1
72489,0.3333333333333333,1
69145,0.3333333333333333,1
72498,0.3333333333333333,1
69144,0.3333333333333333,1
72516,0.3333333333333333,1
69137,0.3333333333333333,1
69106,0.3333333333333333,1
72593,0.3333333333333333,1
69078,0.3333333333333333,1
72722,0.3333333333333333,1
69540,0.3333333333333333,1
6,0.3333333333333333,1
64994,0.3333333333333333,1
56087,0.3333333333333333,1
55850,0.3333333333333333,1
55918,0.3333333333333333,1
55926,0.3333333333333333,1
55974,0.3333333333333333,1
56008,0.3333333333333333,1
56052,0.3333333333333333,1
56083,0.3333333333333333,1
56092,0.3333333333333333,1
55838,0.3333333333333333,1
56104,0.3333333333333333,1
56145,0.3333333333333333,1
56201,0.3333333333333333,1
56249,0.3333333333333333,1
56273,0.3333333333333333,1
56353,0.3333333333333333,1
56368,0.3333333333333333,1
55849,0.3333333333333333,1
55748,0.3333333333333333,1
56410,0.3333333333333333,1
55455,0.3333333333333333,1
55088,0.3333333333333333,1
55236,0.3333333333333333,1
55317,0.3333333333333333,1
55384,0.3333333333333333,1
55400,0.3333333333333333,1
55405,0.3333333333333333,1
55432,0.3333333333333333,1
55518,0.3333333333333333,1
55744,0.3333333333333333,1
55520,0.3333333333333333,1
55540,0.3333333333333333,1
55556,0.3333333333333333,1
55586,0.3333333333333333,1
55588,0.3333333333333333,1
55620,0.3333333333333333,1
55733,0.3333333333333333,1
56384,0.3333333333333333,1
56413,0.3333333333333333,1
55009,0.3333333333333333,1
57809,0.3333333333333333,1
57385,0.3333333333333333,1
57416,0.3333333333333333,1
57434,0.3333333333333333,1
57564,0.3333333333333333,1
57584,0.3333333333333333,1
57787,0.3333333333333333,1
57800,0.3333333333333333,1
57879,0.3333333333333333,1
57366,0.3333333333333333,1
57906,0.3333333333333333,1
57935,0.3333333333333333,1
57945,0.3333333333333333,1
57953,0.3333333333333333,1
58019,0.3333333333333333,1
58022,0.3333333333333333,1
58029,0.3333333333333333,1
57376,0.3333333333333333,1
57356,0.3333333333333333,1
56432,0.3333333333333333,1
56920,0.3333333333333333,1
56468,0.3333333333333333,1
56512,0.3333333333333333,1
56539,0.3333333333333333,1
56541,0.3333333333333333,1
56794,0.3333333333333333,1
56854,0.3333333333333333,1
56855,0.3333333333333333,1
57128,0.3333333333333333,1
57353,0.3333333333333333,1
57150,0.3333333333333333,1
57206,0.3333333333333333,1
57220,0.3333333333333333,1
57270,0.3333333333333333,1
57306,0.3333333333333333,1
57319,0.3333333333333333,1
57334,0.3333333333333333,1
55041,0.3333333333333333,1
54983,0.3333333333333333,1
58059,0.3333333333333333,1
53380,0.3333333333333333,1
52917,0.3333333333333333,1
52932,0.3333333333333333,1
52954,0.3333333333333333,1
52964,0.3333333333333333,1
53039,0.3333333333333333,1
53248,0.3333333333333333,1
53254,0.3333333333333333,1
53385,0.3333333333333333,1
52900,0.3333333333333333,1
53472,0.3333333333333333,1
53501,0.3333333333333333,1
53512,0.3333333333333333,1
53577,0.3333333333333333,1
53657,0.3333333333333333,1
53727,0.3333333333333333,1
53810,0.3333333333333333,1
52913,0.3333333333333333,1
52866,0.3333333333333333,1
53919,0.3333333333333333,1
52528,0.3333333333333333,1
52339,0.3333333333333333,1
52345,0.3333333333333333,1
52386,0.3333333333333333,1
52403,0.3333333333333333,1
52460,0.3333333333333333,1
52476,0.3333333333333333,1
52488,0.3333333333333333,1
52579,0.3333333333333333,1
52806,0.3333333333333333,1
52582,0.3333333333333333,1
52658,0.3333333333333333,1
52694,0.3333333333333333,1
52716,0.3333333333333333,1
52725,0.3333333333333333,1
52740,0.3333333333333333,1
52757,0.3333333333333333,1
53818,0.3333333333333333,1
53987,0.3333333333333333,1
54976,0.3333333333333333,1
54743,0.3333333333333333,1
54488,0.3333333333333333,1
54506,0.3333333333333333,1
54528,0.3333333333333333,1
54583,0.3333333333333333,1
54596,0.3333333333333333,1
54632,0.3333333333333333,1
54673,0.3333333333333333,1
54781,0.3333333333333333,1
54460,0.3333333333333333,1
54795,0.3333333333333333,1
54917,0.3333333333333333,1
54920,0.3333333333333333,1
54923,0.3333333333333333,1
54926,0.3333333333333333,1
54947,0.3333333333333333,1
54965,0.3333333333333333,1
54468,0.3333333333333333,1
54395,0.3333333333333333,1
53990,0.3333333333333333,1
54118,0.3333333333333333,1
54005,0.3333333333333333,1
54010,0.3333333333333333,1
54067,0.3333333333333333,1
54072,0.3333333333333333,1
54080,0.3333333333333333,1
54110,0.3333333333333333,1
54116,0.3333333333333333,1
54123,0.3333333333333333,1
54339,0.3333333333333333,1
54133,0.3333333333333333,1
54212,0.3333333333333333,1
54243,0.3333333333333333,1
54246,0.3333333333333333,1
54276,0.3333333333333333,1
54327,0.3333333333333333,1
54335,0.3333333333333333,1
58052,0.3333333333333333,1
58108,0.3333333333333333,1
64943,0.3333333333333333,1
62890,0.3333333333333333,1
62623,0.3333333333333333,1
62645,0.3333333333333333,1
62660,0.3333333333333333,1
62755,0.3333333333333333,1
62803,0.3333333333333333,1
62824,0.3333333333333333,1
62841,0.3333333333333333,1
62940,0.3333333333333333,1
62592,0.3333333333333333,1
62965,0.3333333333333333,1
62974,0.3333333333333333,1
62985,0.3333333333333333,1
63042,0.3333333333333333,1
63155,0.3333333333333333,1
63198,0.3333333333333333,1
63265,0.3333333333333333,1
62608,0.3333333333333333,1
62572,0.3333333333333333,1
63298,0.3333333333333333,1
62166,0.3333333333333333,1
61886,0.3333333333333333,1
61917,0.3333333333333333,1
61941,0.3333333333333333,1
61949,0.3333333333333333,1
62012,0.3333333333333333,1
62119,0.3333333333333333,1
62137,0.3333333333333333,1
62307,0.3333333333333333,1
62550,0.3333333333333333,1
62326,0.3333333333333333,1
62392,0.3333333333333333,1
62394,0.3333333333333333,1
62430,0.3333333333333333,1
62434,0.3333333333333333,1
62483,0.3333333333333333,1
62507,0.3333333333333333,1
63267,0.3333333333333333,1
63395,0.3333333333333333,1
61784,0.3333333333333333,1
64478,0.3333333333333333,1
64322,0.3333333333333333,1
64341,0.3333333333333333,1
64367,0.3333333333333333,1
64389,0.3333333333333333,1
64397,0.3333333333333333,1
64451,0.3333333333333333,1
64469,0.3333333333333333,1
64483,0.3333333333333333,1
64293,0.3333333333333333,1
64485,0.3333333333333333,1
64526,0.3333333333333333,1
64574,0.3333333333333333,1
64595,0.3333333333333333,1
64645,0.3333333333333333,1
64703,0.3333333333333333,1
64921,0.3333333333333333,1
64311,0.3333333333333333,1
64256,0.3333333333333333,1
63398,0.3333333333333333,1
63782,0.3333333333333333,1
63416,0.3333333333333333,1
63503,0.3333333333333333,1
63542,0.3333333333333333,1
63593,0.3333333333333333,1
63646,0.3333333333333333,1
74540,0.3333333333333333,1
63773,0.3333333333333333,1
63793,0.3333333333333333,1
64242,0.3333333333333333,1
63818,0.3333333333333333,1
63842,0.3333333333333333,1
63847,0.3333333333333333,1
63930,0.3333333333333333,1
63979,0.3333333333333333,1
64038,0.3333333333333333,1
64204,0.3333333333333333,1
61882,0.3333333333333333,1
61764,0.3333333333333333,1
58148,0.3333333333333333,1
59188,0.3333333333333333,1
59001,0.3333333333333333,1
59005,0.3333333333333333,1
59053,0.3333333333333333,1
59064,0.3333333333333333,1
59102,0.3333333333333333,1
59161,0.3333333333333333,1
59180,0.3333333333333333,1
59201,0.3333333333333333,1
58890,0.3333333333333333,1
59204,0.3333333333333333,1
59208,0.3333333333333333,1
59256,0.3333333333333333,1
59275,0.3333333333333333,1
59367,0.3333333333333333,1
59529,0.3333333333333333,1
59544,0.3333333333333333,1
58974,0.3333333333333333,1
58873,0.3333333333333333,1
59567,0.3333333333333333,1
58500,0.3333333333333333,1
58152,0.3333333333333333,1
58162,0.3333333333333333,1
58171,0.3333333333333333,1
58195,0.3333333333333333,1
58248,0.3333333333333333,1
58287,0.3333333333333333,1
58308,0.3333333333333333,1
58519,0.3333333333333333,1
58852,0.3333333333333333,1
58586,0.3333333333333333,1
58590,0.3333333333333333,1
58698,0.3333333333333333,1
58702,0.3333333333333333,1
58713,0.3333333333333333,1
58717,0.3333333333333333,1
58786,0.3333333333333333,1
59560,0.3333333333333333,1
59735,0.3333333333333333,1
61705,0.3333333333333333,1
61234,0.3333333333333333,1
60849,0.3333333333333333,1
60881,0.3333333333333333,1
60916,0.3333333333333333,1
60985,0.3333333333333333,1
60997,0.3333333333333333,1
61090,0.3333333333333333,1
61136,0.3333333333333333,1
61413,0.3333333333333333,1
60805,0.3333333333333333,1
61419,0.3333333333333333,1
61443,0.3333333333333333,1
61575,0.3333333333333333,1
61602,0.3333333333333333,1
61610,0.3333333333333333,1
61611,0.3333333333333333,1
61626,0.3333333333333333,1
60822,0.3333333333333333,1
60793,0.3333333333333333,1
59738,0.3333333333333333,1
60229,0.3333333333333333,1
59796,0.3333333333333333,1
59812,0.3333333333333333,1
59865,0.3333333333333333,1
59868,0.3333333333333333,1
59888,0.3333333333333333,1
60084,0.3333333333333333,1
60132,0.3333333333333333,1
60300,0.3333333333333333,1
60698,0.3333333333333333,1
60308,0.3333333333333333,1
60316,0.3333333333333333,1
60321,0.3333333333333333,1
60325,0.3333333333333333,1
60489,0.3333333333333333,1
60581,0.3333333333333333,1
60680,0.3333333333333333,1
63711,0.3333333333333333,1
76014,0.3333333333333333,1
74582,0.3333333333333333,1
92452,0.3333333333333333,1
92096,0.3333333333333333,1
92131,0.3333333333333333,1
92163,0.3333333333333333,1
92236,0.3333333333333333,1
92320,0.3333333333333333,1
92391,0.3333333333333333,1
92415,0.3333333333333333,1
92466,0.3333333333333333,1
92075,0.3333333333333333,1
92469,0.3333333333333333,1
92490,0.3333333333333333,1
92556,0.3333333333333333,1
92559,0.3333333333333333,1
92589,0.3333333333333333,1
92604,0.3333333333333333,1
92630,0.3333333333333333,1
92092,0.3333333333333333,1
92060,0.3333333333333333,1
91333,0.3333333333333333,1
91702,0.3333333333333333,1
91425,0.3333333333333333,1
91446,0.3333333333333333,1
91508,0.3333333333333333,1
91571,0.3333333333333333,1
91598,0.3333333333333333,1
91607,0.3333333333333333,1
91699,0.3333333333333333,1
91765,0.3333333333333333,1
92023,0.3333333333333333,1
91774,0.3333333333333333,1
91775,0.3333333333333333,1
91811,0.3333333333333333,1
91822,0.3333333333333333,1
91896,0.3333333333333333,1
91901,0.3333333333333333,1
91972,0.3333333333333333,1
92731,0.3333333333333333,1
92742,0.3333333333333333,1
92818,0.3333333333333333,1
93741,0.3333333333333333,1
93546,0.3333333333333333,1
93618,0.3333333333333333,1
93619,0.3333333333333333,1
93628,0.3333333333333333,1
93636,0.3333333333333333,1
93688,0.3333333333333333,1
93704,0.3333333333333333,1
93786,0.3333333333333333,1
92887,0.3333333333333333,1
93869,0.3333333333333333,1
93871,0.3333333333333333,1
93882,0.3333333333333333,1
93953,0.3333333333333333,1
93989,0.3333333333333333,1
93999,0.3333333333333333,1
94007,0.3333333333333333,1
93483,0.3333333333333333,1
93455,0.3333333333333333,1
93438,0.3333333333333333,1
93422,0.3333333333333333,1
92926,0.3333333333333333,1
92980,0.3333333333333333,1
93012,0.3333333333333333,1
93027,0.3333333333333333,1
93080,0.3333333333333333,1
93109,0.3333333333333333,1
93170,0.3333333333333333,1
93171,0.3333333333333333,1
93183,0.3333333333333333,1
93247,0.3333333333333333,1
93256,0.3333333333333333,1
93288,0.3333333333333333,1
93321,0.3333333333333333,1
93327,0.3333333333333333,1
93388,0.3333333333333333,1
91380,0.3333333333333333,1
91240,0.3333333333333333,1
94240,0.3333333333333333,1
89319,0.3333333333333333,1
88906,0.3333333333333333,1
89040,0.3333333333333333,1
89139,0.3333333333333333,1
89216,0.3333333333333333,1
89227,0.3333333333333333,1
89231,0.3333333333333333,1
89278,0.3333333333333333,1
89333,0.3333333333333333,1
88822,0.3333333333333333,1
89361,0.3333333333333333,1
89366,0.3333333333333333,1
89413,0.3333333333333333,1
89464,0.3333333333333333,1
89465,0.3333333333333333,1
89492,0.3333333333333333,1
89517,0.3333333333333333,1
88826,0.3333333333333333,1
88791,0.3333333333333333,1
91210,0.3333333333333333,1
88490,0.3333333333333333,1
88096,0.3333333333333333,1
88138,0.3333333333333333,1
88189,0.3333333333333333,1
88279,0.3333333333333333,1
88336,0.3333333333333333,1
88396,0.3333333333333333,1
88476,0.3333333333333333,1
88529,0.3333333333333333,1
88760,0.3333333333333333,1
88556,0.3333333333333333,1
88558,0.3333333333333333,1
88617,0.3333333333333333,1
88623,0.3333333333333333,1
88675,0.3333333333333333,1
88686,0.3333333333333333,1
88713,0.3333333333333333,1
89530,0.3333333333333333,1
89547,0.3333333333333333,1
89590,0.3333333333333333,1
90743,0.3333333333333333,1
90240,0.3333333333333333,1
90328,0.3333333333333333,1
90392,0.3333333333333333,1
90424,0.3333333333333333,1
90526,0.3333333333333333,1
90607,0.3333333333333333,1
90716,0.3333333333333333,1
90858,0.3333333333333333,1
89608,0.3333333333333333,1
90930,0.3333333333333333,1
90972,0.3333333333333333,1
91053,0.3333333333333333,1
91054,0.3333333333333333,1
91080,0.3333333333333333,1
91179,0.3333333333333333,1
91208,0.3333333333333333,1
90229,0.3333333333333333,1
90123,0.3333333333333333,1
90088,0.3333333333333333,1
90074,0.3333333333333333,1
89644,0.3333333333333333,1
89678,0.3333333333333333,1
89730,0.3333333333333333,1
89736,0.3333333333333333,1
89755,0.3333333333333333,1
89756,0.3333333333333333,1
89771,0.3333333333333333,1
89817,0.3333333333333333,1
89825,0.3333333333333333,1
89839,0.3333333333333333,1
89902,0.3333333333333333,1
89944,0.3333333333333333,1
89951,0.3333333333333333,1
89967,0.3333333333333333,1
89969,0.3333333333333333,1
94092,0.3333333333333333,1
94276,0.3333333333333333,1
88035,0.3333333333333333,1
98291,0.3333333333333333,1
98011,0.3333333333333333,1
98028,0.3333333333333333,1
98111,0.3333333333333333,1
98123,0.3333333333333333,1
98146,0.3333333333333333,1
98169,0.3333333333333333,1
98181,0.3333333333333333,1
98407,0.3333333333333333,1
97963,0.3333333333333333,1
98430,0.3333333333333333,1
98445,0.3333333333333333,1
98489,0.3333333333333333,1
98559,0.3333333333333333,1
98565,0.3333333333333333,1
98576,0.3333333333333333,1
98606,0.3333333333333333,1
98010,0.3333333333333333,1
97949,0.3333333333333333,1
97248,0.3333333333333333,1
97678,0.3333333333333333,1
97381,0.3333333333333333,1
97390,0.3333333333333333,1
97417,0.3333333333333333,1
97499,0.3333333333333333,1
97541,0.3333333333333333,1
97550,0.3333333333333333,1
97622,0.3333333333333333,1
97691,0.3333333333333333,1
97923,0.3333333333333333,1
97702,0.3333333333333333,1
97705,0.3333333333333333,1
97724,0.3333333333333333,1
97727,0.3333333333333333,1
97768,0.3333333333333333,1
97777,0.3333333333333333,1
97823,0.3333333333333333,1
98671,0.3333333333333333,1
98725,0.3333333333333333,1
98869,0.3333333333333333,1
99654,0.3333333333333333,1
99411,0.3333333333333333,1
99486,0.3333333333333333,1
99523,0.3333333333333333,1
99571,0.3333333333333333,1
99586,0.3333333333333333,1
99634,0.3333333333333333,1
99650,0.3333333333333333,1
99658,0.3333333333333333,1
98939,0.3333333333333333,1
99663,0.3333333333333333,1
99692,0.3333333333333333,1
99819,0.3333333333333333,1
99851,0.3333333333333333,1
99863,0.3333333333333333,1
99875,0.3333333333333333,1
99948,0.3333333333333333,1
99362,0.3333333333333333,1
99354,0.3333333333333333,1
99344,0.3333333333333333,1
99304,0.3333333333333333,1
98942,0.3333333333333333,1
98961,0.3333333333333333,1
98987,0.3333333333333333,1
99035,0.3333333333333333,1
99056,0.3333333333333333,1
99090,0.3333333333333333,1
99110,0.3333333333333333,1
99122,0.3333333333333333,1
99153,0.3333333333333333,1
99168,0.3333333333333333,1
99173,0.3333333333333333,1
99203,0.3333333333333333,1
99211,0.3333333333333333,1
99230,0.3333333333333333,1
99239,0.3333333333333333,1
97302,0.3333333333333333,1
97202,0.3333333333333333,1
94343,0.3333333333333333,1
95439,0.3333333333333333,1
95238,0.3333333333333333,1
95241,0.3333333333333333,1
95252,0.3333333333333333,1
95349,0.3333333333333333,1
95404,0.3333333333333333,1
95421,0.3333333333333333,1
95428,0.3333333333333333,1
95445,0.3333333333333333,1
95161,0.3333333333333333,1
95448,0.3333333333333333,1
95500,0.3333333333333333,1
95506,0.3333333333333333,1
95534,0.3333333333333333,1
95575,0.3333333333333333,1
95579,0.3333333333333333,1
95580,0.3333333333333333,1
95180,0.3333333333333333,1
95146,0.3333333333333333,1
97197,0.3333333333333333,1
94740,0.3333333333333333,1
94385,0.3333333333333333,1
94418,0.3333333333333333,1
94431,0.3333333333333333,1
94560,0.3333333333333333,1
94607,0.3333333333333333,1
94619,0.3333333333333333,1
94646,0.3333333333333333,1
94766,0.3333333333333333,1
95038,0.3333333333333333,1
94889,0.3333333333333333,1
94895,0.3333333333333333,1
94908,0.3333333333333333,1
94957,0.3333333333333333,1
94982,0.3333333333333333,1
94988,0.3333333333333333,1
95000,0.3333333333333333,1
95581,0.3333333333333333,1
95633,0.3333333333333333,1
95684,0.3333333333333333,1
96933,0.3333333333333333,1
96572,0.3333333333333333,1
96594,0.3333333333333333,1
96627,0.3333333333333333,1
96719,0.3333333333333333,1
96780,0.3333333333333333,1
96832,0.3333333333333333,1
96847,0.3333333333333333,1
96941,0.3333333333333333,1
95699,0.3333333333333333,1
97051,0.3333333333333333,1
97094,0.3333333333333333,1
97123,0.3333333333333333,1
97125,0.3333333333333333,1
97129,0.3333333333333333,1
97188,0.3333333333333333,1
97192,0.3333333333333333,1
96538,0.3333333333333333,1
96481,0.3333333333333333,1
96402,0.3333333333333333,1
96387,0.3333333333333333,1
95793,0.3333333333333333,1
95794,0.3333333333333333,1
95797,0.3333333333333333,1
95807,0.3333333333333333,1
95827,0.3333333333333333,1
95834,0.3333333333333333,1
95957,0.3333333333333333,1
96029,0.3333333333333333,1
96175,0.3333333333333333,1
96186,0.3333333333333333,1
96236,0.3333333333333333,1
96273,0.3333333333333333,1
96302,0.3333333333333333,1
96307,0.3333333333333333,1
96382,0.3333333333333333,1
88055,0.3333333333333333,1
88008,0.3333333333333333,1
74593,0.3333333333333333,1
79383,0.3333333333333333,1
79013,0.3333333333333333,1
79072,0.3333333333333333,1
79226,0.3333333333333333,1
79309,0.3333333333333333,1
79333,0.3333333333333333,1
79350,0.3333333333333333,1
79378,0.3333333333333333,1
79386,0.3333333333333333,1
78847,0.3333333333333333,1
79445,0.3333333333333333,1
79495,0.3333333333333333,1
79528,0.3333333333333333,1
79564,0.3333333333333333,1
79636,0.3333333333333333,1
79697,0.3333333333333333,1
79699,0.3333333333333333,1
78872,0.3333333333333333,1
78815,0.3333333333333333,1
77903,0.3333333333333333,1
78363,0.3333333333333333,1
77955,0.3333333333333333,1
78216,0.3333333333333333,1
78221,0.3333333333333333,1
78247,0.3333333333333333,1
78309,0.3333333333333333,1
78326,0.3333333333333333,1
78350,0.3333333333333333,1
78395,0.3333333333333333,1
78734,0.3333333333333333,1
78414,0.3333333333333333,1
78426,0.3333333333333333,1
78477,0.3333333333333333,1
78495,0.3333333333333333,1
78513,0.3333333333333333,1
78697,0.3333333333333333,1
78732,0.3333333333333333,1
79727,0.3333333333333333,1
79747,0.3333333333333333,1
79751,0.3333333333333333,1
80438,0.3333333333333333,1
80273,0.3333333333333333,1
80305,0.3333333333333333,1
80308,0.3333333333333333,1
80367,0.3333333333333333,1
80385,0.3333333333333333,1
80414,0.3333333333333333,1
80426,0.3333333333333333,1
80450,0.3333333333333333,1
79803,0.3333333333333333,1
80501,0.3333333333333333,1
80572,0.3333333333333333,1
80599,0.3333333333333333,1
80618,0.3333333333333333,1
80777,0.3333333333333333,1
80810,0.3333333333333333,1
80868,0.3333333333333333,1
80239,0.3333333333333333,1
80202,0.3333333333333333,1
80190,0.3333333333333333,1
80170,0.3333333333333333,1
79838,0.3333333333333333,1
79852,0.3333333333333333,1
79874,0.3333333333333333,1
79892,0.3333333333333333,1
79901,0.3333333333333333,1
79908,0.3333333333333333,1
79932,0.3333333333333333,1
79979,0.3333333333333333,1
80013,0.3333333333333333,1
80024,0.3333333333333333,1
80111,0.3333333333333333,1
80116,0.3333333333333333,1
80128,0.3333333333333333,1
80139,0.3333333333333333,1
80159,0.3333333333333333,1
77952,0.3333333333333333,1
77889,0.3333333333333333,1
81065,0.3333333333333333,1
75682,0.3333333333333333,1
75460,0.3333333333333333,1
75487,0.3333333333333333,1
75508,0.3333333333333333,1
75531,0.3333333333333333,1
75575,0.3333333333333333,1
75664,0.3333333333333333,1
75679,0.3333333333333333,1
75771,0.3333333333333333,1
75386,0.3333333333333333,1
75776,0.3333333333333333,1
75782,0.3333333333333333,1
75809,0.3333333333333333,1
75841,0.3333333333333333,1
75896,0.3333333333333333,1
75921,0.3333333333333333,1
75932,0.3333333333333333,1
75452,0.3333333333333333,1
75316,0.3333333333333333,1
77837,0.3333333333333333,1
74964,0.3333333333333333,1
74637,0.3333333333333333,1
74686,0.3333333333333333,1
74698,0.3333333333333333,1
74713,0.3333333333333333,1
74716,0.3333333333333333,1
74744,0.3333333333333333,1
74772,0.3333333333333333,1
74969,0.3333333333333333,1
75310,0.3333333333333333,1
74971,0.3333333333333333,1
74974,0.3333333333333333,1
75029,0.3333333333333333,1
75078,0.3333333333333333,1
75134,0.3333333333333333,1
75136,0.3333333333333333,1
75261,0.3333333333333333,1
75991,0.3333333333333333,1
52307,0.3333333333333333,1
76041,0.3333333333333333,1
77513,0.3333333333333333,1
77154,0.3333333333333333,1
77171,0.3333333333333333,1
77201,0.3333333333333333,1
77276,0.3333333333333333,1
77388,0.3333333333333333,1
77409,0.3333333333333333,1
77451,0.3333333333333333,1
77526,0.3333333333333333,1
76046,0.3333333333333333,1
77562,0.3333333333333333,1
77564,0.3333333333333333,1
77576,0.3333333333333333,1
77665,0.3333333333333333,1
77678,0.3333333333333333,1
77787,0.3333333333333333,1
77810,0.3333333333333333,1
77144,0.3333333333333333,1
77129,0.3333333333333333,1
77051,0.3333333333333333,1
77048,0.3333333333333333,1
76159,0.3333333333333333,1
76234,0.3333333333333333,1
76281,0.3333333333333333,1
76291,0.3333333333333333,1
76313,0.3333333333333333,1
76452,0.3333333333333333,1
76454,0.3333333333333333,1
76468,0.3333333333333333,1
76474,0.3333333333333333,1
76545,0.3333333333333333,1
76740,0.3333333333333333,1
76756,0.3333333333333333,1
76954,0.3333333333333333,1
77001,0.3333333333333333,1
77004,0.3333333333333333,1
81047,0.3333333333333333,1
81105,0.3333333333333333,1
88003,0.3333333333333333,1
85614,0.3333333333333333,1
85332,0.3333333333333333,1
85413,0.3333333333333333,1
85430,0.3333333333333333,1
85465,0.3333333333333333,1
85483,0.3333333333333333,1
85530,0.3333333333333333,1
85610,0.3333333333333333,1
85628,0.3333333333333333,1
85274,0.3333333333333333,1
85649,0.3333333333333333,1
85678,0.3333333333333333,1
85718,0.3333333333333333,1
85725,0.3333333333333333,1
85776,0.3333333333333333,1
85794,0.3333333333333333,1
85801,0.3333333333333333,1
85276,0.3333333333333333,1
85253,0.3333333333333333,1
84501,0.3333333333333333,1
84832,0.3333333333333333,1
84613,0.3333333333333333,1
84632,0.3333333333333333,1
84641,0.3333333333333333,1
84686,0.3333333333333333,1
84717,0.3333333333333333,1
84721,0.3333333333333333,1
84736,0.3333333333333333,1
84837,0.3333333333333333,1
85251,0.3333333333333333,1
84894,0.3333333333333333,1
84924,0.3333333333333333,1
84944,0.3333333333333333,1
85112,0.3333333333333333,1
85145,0.3333333333333333,1
85187,0.3333333333333333,1
85199,0.3333333333333333,1
85850,0.3333333333333333,1
85998,0.3333333333333333,1
86031,0.3333333333333333,1
87435,0.3333333333333333,1
87091,0.3333333333333333,1
87094,0.3333333333333333,1
87132,0.3333333333333333,1
87211,0.3333333333333333,1
87358,0.3333333333333333,1
87379,0.3333333333333333,1
87399,0.3333333333333333,1
87437,0.3333333333333333,1
86059,0.3333333333333333,1
87447,0.3333333333333333,1
87498,0.3333333333333333,1
87621,0.3333333333333333,1
87858,0.3333333333333333,1
87978,0.3333333333333333,1
87990,0.3333333333333333,1
87997,0.3333333333333333,1
87030,0.3333333333333333,1
86941,0.3333333333333333,1
86931,0.3333333333333333,1
86925,0.3333333333333333,1
86071,0.3333333333333333,1
86078,0.3333333333333333,1
86094,0.3333333333333333,1
86104,0.3333333333333333,1
86213,0.3333333333333333,1
86243,0.3333333333333333,1
86400,0.3333333333333333,1
86431,0.3333333333333333,1
86528,0.3333333333333333,1
86620,0.3333333333333333,1
86627,0.3333333333333333,1
86651,0.3333333333333333,1
86733,0.3333333333333333,1
86759,0.3333333333333333,1
86832,0.3333333333333333,1
84536,0.3333333333333333,1
84498,0.3333333333333333,1
81167,0.3333333333333333,1
82408,0.3333333333333333,1
81955,0.3333333333333333,1
82070,0.3333333333333333,1
82081,0.3333333333333333,1
82158,0.3333333333333333,1
82218,0.3333333333333333,1
82335,0.3333333333333333,1
82357,0.3333333333333333,1
82426,0.3333333333333333,1
81872,0.3333333333333333,1
82441,0.3333333333333333,1
82445,0.3333333333333333,1
82462,0.3333333333333333,1
82466,0.3333333333333333,1
82487,0.3333333333333333,1
82527,0.3333333333333333,1
82530,0.3333333333333333,1
81875,0.3333333333333333,1
81859,0.3333333333333333,1
84481,0.3333333333333333,1
81437,0.3333333333333333,1
81215,0.3333333333333333,1
81216,0.3333333333333333,1
81240,0.3333333333333333,1
81247,0.3333333333333333,1
81348,0.3333333333333333,1
81375,0.3333333333333333,1
81384,0.3333333333333333,1
81496,0.3333333333333333,1
81805,0.3333333333333333,1
81510,0.3333333333333333,1
81587,0.3333333333333333,1
81592,0.3333333333333333,1
81599,0.3333333333333333,1
81669,0.3333333333333333,1
81705,0.3333333333333333,1
81751,0.3333333333333333,1
82539,0.3333333333333333,1
82540,0.3333333333333333,1
82622,0.3333333333333333,1
83832,0.3333333333333333,1
83599,0.3333333333333333,1
83604,0.3333333333333333,1
83605,0.3333333333333333,1
83714,0.3333333333333333,1
83758,0.3333333333333333,1
83777,0.3333333333333333,1
83791,0.3333333333333333,1
83857,0.3333333333333333,1
82659,0.3333333333333333,1
83880,0.3333333333333333,1
83949,0.3333333333333333,1
83990,0.3333333333333333,1
84102,0.3333333333333333,1
84104,0.3333333333333333,1
84146,0.3333333333333333,1
84435,0.3333333333333333,1
83560,0.3333333333333333,1
83420,0.3333333333333333,1
83380,0.3333333333333333,1
83317,0.3333333333333333,1
82700,0.3333333333333333,1
82702,0.3333333333333333,1
82734,0.3333333333333333,1
82744,0.3333333333333333,1
82789,0.3333333333333333,1
82790,0.3333333333333333,1
82807,0.3333333333333333,1
82864,0.3333333333333333,1
82907,0.3333333333333333,1
83153,0.3333333333333333,1
83179,0.3333333333333333,1
83247,0.3333333333333333,1
83254,0.3333333333333333,1
83281,0.3333333333333333,1
83284,0.3333333333333333,1
52311,0.3333333333333333,1
52243,0.3333333333333333,1
7,0.3333333333333333,1
17682,0.3333333333333333,1
17500,0.3333333333333333,1
17605,0.3333333333333333,1
17640,0.3333333333333333,1
17643,0.3333333333333333,1
17658,0.3333333333333333,1
17664,0.3333333333333333,1
17679,0.3333333333333333,1
17694,0.3333333333333333,1
17358,0.3333333333333333,1
17849,0.3333333333333333,1
17851,0.3333333333333333,1
17973,0.3333333333333333,1
17990,0.3333333333333333,1
18009,0.3333333333333333,1
18038,0.3333333333333333,1
18061,0.3333333333333333,1
17394,0.3333333333333333,1
17323,0.3333333333333333,1
18126,0.3333333333333333,1
16913,0.3333333333333333,1
16564,0.3333333333333333,1
16599,0.3333333333333333,1
16603,0.3333333333333333,1
16746,0.3333333333333333,1
16756,0.3333333333333333,1
16851,0.3333333333333333,1
16900,0.3333333333333333,1
16938,0.3333333333333333,1
17309,0.3333333333333333,1
16949,0.3333333333333333,1
17025,0.3333333333333333,1
17119,0.3333333333333333,1
17160,0.3333333333333333,1
17183,0.3333333333333333,1
17211,0.3333333333333333,1
17296,0.3333333333333333,1
18074,0.3333333333333333,1
18174,0.3333333333333333,1
19909,0.3333333333333333,1
19418,0.3333333333333333,1
19166,0.3333333333333333,1
19190,0.3333333333333333,1
19244,0.3333333333333333,1
19248,0.3333333333333333,1
19335,0.3333333333333333,1
19363,0.3333333333333333,1
19392,0.3333333333333333,1
19430,0.3333333333333333,1
19158,0.3333333333333333,1
19432,0.3333333333333333,1
19559,0.3333333333333333,1
19563,0.3333333333333333,1
19566,0.3333333333333333,1
19623,0.3333333333333333,1
19675,0.3333333333333333,1
19799,0.3333333333333333,1
19160,0.3333333333333333,1
19117,0.3333333333333333,1
18257,0.3333333333333333,1
18555,0.3333333333333333,1
18277,0.3333333333333333,1
18345,0.3333333333333333,1
18411,0.3333333333333333,1
18435,0.3333333333333333,1
18465,0.3333333333333333,1
18479,0.3333333333333333,1
18481,0.3333333333333333,1
18576,0.3333333333333333,1
19058,0.3333333333333333,1
18591,0.3333333333333333,1
18611,0.3333333333333333,1
18626,0.3333333333333333,1
18638,0.3333333333333333,1
18745,0.3333333333333333,1
18824,0.3333333333333333,1
18833,0.3333333333333333,1
16531,0.3333333333333333,1
16521,0.3333333333333333,1
16502,0.3333333333333333,1
14857,0.3333333333333333,1
14580,0.3333333333333333,1
14625,0.3333333333333333,1
14684,0.3333333333333333,1
14764,0.3333333333333333,1
14777,0.3333333333333333,1
14780,0.3333333333333333,1
14802,0.3333333333333333,1
14859,0.3333333333333333,1
14542,0.3333333333333333,1
14882,0.3333333333333333,1
14884,0.3333333333333333,1
15031,0.3333333333333333,1
15076,0.3333333333333333,1
15131,0.3333333333333333,1
15146,0.3333333333333333,1
15154,0.3333333333333333,1
14561,0.3333333333333333,1
14506,0.3333333333333333,1
16465,0.3333333333333333,1
14157,0.3333333333333333,1
13772,0.3333333333333333,1
13816,0.3333333333333333,1
13866,0.3333333333333333,1
13898,0.3333333333333333,1
13921,0.3333333333333333,1
13942,0.3333333333333333,1
13967,0.3333333333333333,1
14205,0.3333333333333333,1
14499,0.3333333333333333,1
14207,0.3333333333333333,1
14208,0.3333333333333333,1
14213,0.3333333333333333,1
14303,0.3333333333333333,1
14358,0.3333333333333333,1
14419,0.3333333333333333,1
14440,0.3333333333333333,1
15225,0.3333333333333333,1
15229,0.3333333333333333,1
15267,0.3333333333333333,1
16083,0.3333333333333333,1
15914,0.3333333333333333,1
15915,0.3333333333333333,1
15924,0.3333333333333333,1
15931,0.3333333333333333,1
15997,0.3333333333333333,1
16052,0.3333333333333333,1
16064,0.3333333333333333,1
16236,0.3333333333333333,1
15293,0.3333333333333333,1
16241,0.3333333333333333,1
16262,0.3333333333333333,1
16298,0.3333333333333333,1
16367,0.3333333333333333,1
16383,0.3333333333333333,1
16394,0.3333333333333333,1
16429,0.3333333333333333,1
15901,0.3333333333333333,1
15848,0.3333333333333333,1
15834,0.3333333333333333,1
15779,0.3333333333333333,1
15312,0.3333333333333333,1
15357,0.3333333333333333,1
15398,0.3333333333333333,1
15399,0.3333333333333333,1
15428,0.3333333333333333,1
15519,0.3333333333333333,1
15554,0.3333333333333333,1
15569,0.3333333333333333,1
15599,0.3333333333333333,1
15601,0.3333333333333333,1
15606,0.3333333333333333,1
15648,0.3333333333333333,1
15673,0.3333333333333333,1
15762,0.3333333333333333,1
15769,0.3333333333333333,1
19891,0.3333333333333333,1
19922,0.3333333333333333,1
13748,0.3333333333333333,1
24871,0.3333333333333333,1
24339,0.3333333333333333,1
24341,0.3333333333333333,1
24460,0.3333333333333333,1
24463,0.3333333333333333,1
24601,0.3333333333333333,1
24635,0.3333333333333333,1
24697,0.3333333333333333,1
24919,0.3333333333333333,1
24328,0.3333333333333333,1
25045,0.3333333333333333,1
25067,0.3333333333333333,1
25123,0.3333333333333333,1
25127,0.3333333333333333,1
25167,0.3333333333333333,1
25173,0.3333333333333333,1
25234,0.3333333333333333,1
24338,0.3333333333333333,1
24312,0.3333333333333333,1
25391,0.3333333333333333,1
23577,0.3333333333333333,1
23365,0.3333333333333333,1
23391,0.3333333333333333,1
23420,0.3333333333333333,1
23494,0.3333333333333333,1
23495,0.3333333333333333,1
23546,0.3333333333333333,1
23575,0.3333333333333333,1
23633,0.3333333333333333,1
24223,0.3333333333333333,1
23720,0.3333333333333333,1
23733,0.3333333333333333,1
23864,0.3333333333333333,1
23943,0.3333333333333333,1
23988,0.3333333333333333,1
24055,0.3333333333333333,1
24071,0.3333333333333333,1
25361,0.3333333333333333,1
25415,0.3333333333333333,1
19952,0.3333333333333333,1
26891,0.3333333333333333,1
26386,0.3333333333333333,1
26390,0.3333333333333333,1
26425,0.3333333333333333,1
26467,0.3333333333333333,1
26539,0.3333333333333333,1
26557,0.3333333333333333,1
26780,0.3333333333333333,1
27011,0.3333333333333333,1
26257,0.3333333333333333,1
27027,0.3333333333333333,1
27038,0.3333333333333333,1
27073,0.3333333333333333,1
27079,0.3333333333333333,1
27103,0.3333333333333333,1
27161,0.3333333333333333,1
27277,0.3333333333333333,1
26277,0.3333333333333333,1
26151,0.3333333333333333,1
25426,0.3333333333333333,1
25617,0.3333333333333333,1
25438,0.3333333333333333,1
52235,0.3333333333333333,1
25452,0.3333333333333333,1
25484,0.3333333333333333,1
25488,0.3333333333333333,1
25562,0.3333333333333333,1
25574,0.3333333333333333,1
25653,0.3333333333333333,1
26146,0.3333333333333333,1
25661,0.3333333333333333,1
25678,0.3333333333333333,1
25789,0.3333333333333333,1
25791,0.3333333333333333,1
26036,0.3333333333333333,1
26088,0.3333333333333333,1
26109,0.3333333333333333,1
23354,0.3333333333333333,1
23340,0.3333333333333333,1
23336,0.3333333333333333,1
20975,0.3333333333333333,1
20799,0.3333333333333333,1
20839,0.3333333333333333,1
20841,0.3333333333333333,1
20866,0.3333333333333333,1
20892,0.3333333333333333,1
20913,0.3333333333333333,1
20963,0.3333333333333333,1
20998,0.3333333333333333,1
20641,0.3333333333333333,1
21010,0.3333333333333333,1
21035,0.3333333333333333,1
21056,0.3333333333333333,1
21166,0.3333333333333333,1
21221,0.3333333333333333,1
21395,0.3333333333333333,1
21398,0.3333333333333333,1
20797,0.3333333333333333,1
20625,0.3333333333333333,1
23285,0.3333333333333333,1
20178,0.3333333333333333,1
19971,0.3333333333333333,1
20002,0.3333333333333333,1
20026,0.3333333333333333,1
20036,0.3333333333333333,1
20052,0.3333333333333333,1
20078,0.3333333333333333,1
20101,0.3333333333333333,1
20193,0.3333333333333333,1
20595,0.3333333333333333,1
20354,0.3333333333333333,1
20367,0.3333333333333333,1
20407,0.3333333333333333,1
20505,0.3333333333333333,1
20554,0.3333333333333333,1
20556,0.3333333333333333,1
20577,0.3333333333333333,1
21440,0.3333333333333333,1
21527,0.3333333333333333,1
21627,0.3333333333333333,1
22882,0.3333333333333333,1
22693,0.3333333333333333,1
22727,0.3333333333333333,1
22753,0.3333333333333333,1
22767,0.3333333333333333,1
22788,0.3333333333333333,1
22834,0.3333333333333333,1
22844,0.3333333333333333,1
23008,0.3333333333333333,1
21643,0.3333333333333333,1
23038,0.3333333333333333,1
23116,0.3333333333333333,1
23151,0.3333333333333333,1
23170,0.3333333333333333,1
23183,0.3333333333333333,1
23238,0.3333333333333333,1
23243,0.3333333333333333,1
22600,0.3333333333333333,1
22494,0.3333333333333333,1
22443,0.3333333333333333,1
22392,0.3333333333333333,1
21854,0.3333333333333333,1
21903,0.3333333333333333,1
21988,0.3333333333333333,1
21994,0.3333333333333333,1
22005,0.3333333333333333,1
22096,0.3333333333333333,1
22142,0.3333333333333333,1
22151,0.3333333333333333,1
22156,0.3333333333333333,1
22202,0.3333333333333333,1
22260,0.3333333333333333,1
22309,0.3333333333333333,1
22317,0.3333333333333333,1
22356,0.3333333333333333,1
22391,0.3333333333333333,1
13762,0.3333333333333333,1
13727,0.3333333333333333,1
27370,0.3333333333333333,1
4042,0.3333333333333333,1
3807,0.3333333333333333,1
3826,0.3333333333333333,1
3838,0.3333333333333333,1
3864,0.3333333333333333,1
3942,0.3333333333333333,1
3995,0.3333333333333333,1
4001,0.3333333333333333,1
4047,0.3333333333333333,1
3698,0.3333333333333333,1
4058,0.3333333333333333,1
4277,0.3333333333333333,1
4337,0.3333333333333333,1
4379,0.3333333333333333,1
4389,0.3333333333333333,1
4414,0.3333333333333333,1
4429,0.3333333333333333,1
3722,0.3333333333333333,1
3684,0.3333333333333333,1
4453,0.3333333333333333,1
3345,0.3333333333333333,1
3050,0.3333333333333333,1
3060,0.3333333333333333,1
3113,0.3333333333333333,1
3120,0.3333333333333333,1
3251,0.3333333333333333,1
3314,0.3333333333333333,1
3344,0.3333333333333333,1
3421,0.3333333333333333,1
3681,0.3333333333333333,1
3442,0.3333333333333333,1
3454,0.3333333333333333,1
3457,0.3333333333333333,1
3524,0.3333333333333333,1
3601,0.3333333333333333,1
3649,0.3333333333333333,1
3664,0.3333333333333333,1
4447,0.3333333333333333,1
4509,0.3333333333333333,1
6467,0.3333333333333333,1
6017,0.3333333333333333,1
5798,0.3333333333333333,1
5838,0.3333333333333333,1
5850,0.3333333333333333,1
5892,0.3333333333333333,1
5911,0.3333333333333333,1
5936,0.3333333333333333,1
5949,0.3333333333333333,1
6099,0.3333333333333333,1
5768,0.3333333333333333,1
6213,0.3333333333333333,1
6220,0.3333333333333333,1
6326,0.3333333333333333,1
6332,0.3333333333333333,1
6333,0.3333333333333333,1
6406,0.3333333333333333,1
6422,0.3333333333333333,1
5775,0.3333333333333333,1
5736,0.3333333333333333,1
4600,0.3333333333333333,1
5078,0.3333333333333333,1
4688,0.3333333333333333,1
4710,0.3333333333333333,1
4750,0.3333333333333333,1
4800,0.3333333333333333,1
4893,0.3333333333333333,1
4904,0.3333333333333333,1
5058,0.3333333333333333,1
5111,0.3333333333333333,1
5734,0.3333333333333333,1
5121,0.3333333333333333,1
5130,0.3333333333333333,1
5156,0.3333333333333333,1
5203,0.3333333333333333,1
5285,0.3333333333333333,1
5331,0.3333333333333333,1
5398,0.3333333333333333,1
3043,0.3333333333333333,1
3039,0.3333333333333333,1
3022,0.3333333333333333,1
1104,0.3333333333333333,1
947,0.3333333333333333,1
951,0.3333333333333333,1
981,0.3333333333333333,1
1011,0.3333333333333333,1
1072,0.3333333333333333,1
1082,0.3333333333333333,1
1085,0.3333333333333333,1
1233,0.3333333333333333,1
775,0.3333333333333333,1
1266,0.3333333333333333,1
1268,0.3333333333333333,1
1270,0.3333333333333333,1
1283,0.3333333333333333,1
1391,0.3333333333333333,1
1423,0.3333333333333333,1
1518,0.3333333333333333,1
813,0.3333333333333333,1
700,0.3333333333333333,1
3020,0.3333333333333333,1
184,0.3333333333333333,1
8,0.3333333333333333,1
19,0.3333333333333333,1
132,0.3333333333333333,1
136,0.3333333333333333,1
153,0.3333333333333333,1
163,0.3333333333333333,1
167,0.3333333333333333,1
208,0.3333333333333333,1
540,0.3333333333333333,1
244,0.3333333333333333,1
276,0.3333333333333333,1
277,0.3333333333333333,1
332,0.3333333333333333,1
343,0.3333333333333333,1
419,0.3333333333333333,1
440,0.3333333333333333,1
1526,0.3333333333333333,1
1552,0.3333333333333333,1
1620,0.3333333333333333,1
2507,0.3333333333333333,1
2395,0.3333333333333333,1
2402,0.3333333333333333,1
2427,0.3333333333333333,1
2431,0.3333333333333333,1
2435,0.3333333333333333,1
2484,0.3333333333333333,1
2503,0.3333333333333333,1
2543,0.3333333333333333,1
1695,0.3333333333333333,1
2594,0.3333333333333333,1
2686,0.3333333333333333,1
2810,0.3333333333333333,1
2868,0.3333333333333333,1
2889,0.3333333333333333,1
2937,0.3333333333333333,1
2975,0.3333333333333333,1
2361,0.3333333333333333,1
2298,0.3333333333333333,1
2278,0.3333333333333333,1
2251,0.3333333333333333,1
1733,0.3333333333333333,1
1747,0.3333333333333333,1
1759,0.3333333333333333,1
1811,0.3333333333333333,1
1831,0.3333333333333333,1
1839,0.3333333333333333,1
1877,0.3333333333333333,1
2084,0.3333333333333333,1
2121,0.3333333333333333,1
2159,0.3333333333333333,1
2195,0.3333333333333333,1
2204,0.3333333333333333,1
2227,0.3333333333333333,1
2243,0.3333333333333333,1
2244,0.3333333333333333,1
6434,0.3333333333333333,1
6583,0.3333333333333333,1
13671,0.3333333333333333,1
11838,0.3333333333333333,1
11570,0.3333333333333333,1
11611,0.3333333333333333,1
11634,0.3333333333333333,1
11648,0.3333333333333333,1
11651,0.3333333333333333,1
11663,0.3333333333333333,1
11805,0.3333333333333333,1
11844,0.3333333333333333,1
11460,0.3333333333333333,1
11867,0.3333333333333333,1
11880,0.3333333333333333,1
11899,0.3333333333333333,1
11924,0.3333333333333333,1
12018,0.3333333333333333,1
12064,0.3333333333333333,1
12070,0.3333333333333333,1
11462,0.3333333333333333,1
11394,0.3333333333333333,1
12200,0.3333333333333333,1
11038,0.3333333333333333,1
10449,0.3333333333333333,1
10563,0.3333333333333333,1
10576,0.3333333333333333,1
10714,0.3333333333333333,1
10749,0.3333333333333333,1
10778,0.3333333333333333,1
11005,0.3333333333333333,1
11067,0.3333333333333333,1
11338,0.3333333333333333,1
11075,0.3333333333333333,1
11125,0.3333333333333333,1
11142,0.3333333333333333,1
11234,0.3333333333333333,1
11244,0.3333333333333333,1
11306,0.3333333333333333,1
11320,0.3333333333333333,1
12148,0.3333333333333333,1
12212,0.3333333333333333,1
6588,0.3333333333333333,1
13286,0.3333333333333333,1
13006,0.3333333333333333,1
13050,0.3333333333333333,1
13080,0.3333333333333333,1
13108,0.3333333333333333,1
13111,0.3333333333333333,1
13251,0.3333333333333333,1
13261,0.3333333333333333,1
13345,0.3333333333333333,1
12895,0.3333333333333333,1
13368,0.3333333333333333,1
13395,0.3333333333333333,1
13417,0.3333333333333333,1
13515,0.3333333333333333,1
13537,0.3333333333333333,1
13609,0.3333333333333333,1
13639,0.3333333333333333,1
12947,0.3333333333333333,1
12890,0.3333333333333333,1
12239,0.3333333333333333,1
12627,0.3333333333333333,1
12259,0.3333333333333333,1
12315,0.3333333333333333,1
12431,0.3333333333333333,1
12525,0.3333333333333333,1
12552,0.3333333333333333,1
12593,0.3333333333333333,1
12621,0.3333333333333333,1
12647,0.3333333333333333,1
12882,0.3333333333333333,1
12648,0.3333333333333333,1
12681,0.3333333333333333,1
12689,0.3333333333333333,1
12779,0.3333333333333333,1
12830,0.3333333333333333,1
12867,0.3333333333333333,1
12876,0.3333333333333333,1
10431,0.3333333333333333,1
10337,0.3333333333333333,1
10330,0.3333333333333333,1
7709,0.3333333333333333,1
7488,0.3333333333333333,1
7536,0.3333333333333333,1
7593,0.3333333333333333,1
7609,0.3333333333333333,1
7623,0.3333333333333333,1
7682,0.3333333333333333,1
7683,0.3333333333333333,1
7875,0.3333333333333333,1
7348,0.3333333333333333,1
7928,0.3333333333333333,1
7961,0.3333333333333333,1
7962,0.3333333333333333,1
7994,0.3333333333333333,1
8029,0.3333333333333333,1
8031,0.3333333333333333,1
8232,0.3333333333333333,1
7407,0.3333333333333333,1
7297,0.3333333333333333,1
10218,0.3333333333333333,1
6896,0.3333333333333333,1
6627,0.3333333333333333,1
6645,0.3333333333333333,1
6692,0.3333333333333333,1
6712,0.3333333333333333,1
6714,0.3333333333333333,1
6770,0.3333333333333333,1
6868,0.3333333333333333,1
6909,0.3333333333333333,1
7281,0.3333333333333333,4
6920,0.3333333333333333,1
6939,0.3333333333333333,1
7019,0.3333333333333333,1
7117,0.3333333333333333,1
7149,0.3333333333333333,1
7161,0.3333333333333333,1
7209,0.3333333333333333,1
8359,0.3333333333333333,1
8418,0.3333333333333333,1
8431,0.3333333333333333,1
9925,0.3333333333333333,1
9612,0.3333333333333333,1
9624,0.3333333333333333,1
9666,0.3333333333333333,1
9725,0.3333333333333333,1
9790,0.3333333333333333,1
9868,0.3333333333333333,1
9907,0.3333333333333333,1
9960,0.3333333333333333,1
8433,0.3333333333333333,1
9983,0.3333333333333333,1
9989,0.3333333333333333,1
10004,0.3333333333333333,1
10006,0.3333333333333333,1
10033,0.3333333333333333,1
10043,0.3333333333333333,1
10054,0.3333333333333333,1
9579,0.3333333333333333,1
9555,0.3333333333333333,1
9486,0.3333333333333333,1
9335,0.3333333333333333,1
8535,0.3333333333333333,1
8615,0.3333333333333333,1
8653,0.3333333333333333,1
8682,0.3333333333333333,1
8718,0.3333333333333333,1
8786,0.3333333333333333,1
8836,0.3333333333333333,1
8846,0.3333333333333333,1
8979,0.3333333333333333,1
9096,0.3333333333333333,1
9116,0.3333333333333333,1
9169,0.3333333333333333,1
9271,0.3333333333333333,1
9307,0.3333333333333333,1
9328,0.3333333333333333,1
27279,0.3333333333333333,1
25445,0.3333333333333333,1
39875,0.3333333333333333,1
42923,0.3333333333333333,1
42666,0.3333333333333333,1
42717,0.3333333333333333,1
42774,0.3333333333333333,1
42789,0.3333333333333333,1
42806,0.3333333333333333,1
42856,0.3333333333333333,1
42873,0.3333333333333333,1
42933,0.3333333333333333,1
42581,0.3333333333333333,1
42949,0.3333333333333333,1
42965,0.3333333333333333,1
42978,0.3333333333333333,1
42993,0.3333333333333333,1
43116,0.3333333333333333,1
43244,0.3333333333333333,1
43328,0.3333333333333333,1
42624,0.3333333333333333,1
42540,0.3333333333333333,1
43345,0.3333333333333333,1
42312,0.3333333333333333,1
42122,0.3333333333333333,1
42129,0.3333333333333333,1
42194,0.3333333333333333,1
42211,0.3333333333333333,1
42233,0.3333333333333333,1
42284,0.3333333333333333,1
42309,0.3333333333333333,1
42342,0.3333333333333333,1
42525,0.3333333333333333,1
42426,0.3333333333333333,1
42427,0.3333333333333333,1
42433,0.3333333333333333,1
42447,0.3333333333333333,1
42450,0.3333333333333333,1
42452,0.3333333333333333,1
42458,0.3333333333333333,1
43344,0.3333333333333333,1
43347,0.3333333333333333,1
45350,0.3333333333333333,1
44896,0.3333333333333333,1
44362,0.3333333333333333,1
44507,0.3333333333333333,1
44518,0.3333333333333333,1
44550,0.3333333333333333,1
44605,0.3333333333333333,1
44680,0.3333333333333333,1
44835,0.3333333333333333,1
44942,0.3333333333333333,1
44310,0.3333333333333333,1
44953,0.3333333333333333,1
45039,0.3333333333333333,1
45249,0.3333333333333333,1
45276,0.3333333333333333,1
45294,0.3333333333333333,1
45300,0.3333333333333333,1
45315,0.3333333333333333,1
44344,0.3333333333333333,1
44300,0.3333333333333333,1
43388,0.3333333333333333,1
43666,0.3333333333333333,1
43454,0.3333333333333333,1
43473,0.3333333333333333,1
43508,0.3333333333333333,1
43510,0.3333333333333333,1
43595,0.3333333333333333,1
43608,0.3333333333333333,1
43631,0.3333333333333333,1
43689,0.3333333333333333,1
44266,0.3333333333333333,1
43747,0.3333333333333333,1
43752,0.3333333333333333,1
44038,0.3333333333333333,1
44075,0.3333333333333333,1
44092,0.3333333333333333,1
44150,0.3333333333333333,1
44188,0.3333333333333333,1
42114,0.3333333333333333,1
42107,0.3333333333333333,1
42099,0.3333333333333333,1
39744,0.3333333333333333,1
39503,0.3333333333333333,1
39508,0.3333333333333333,1
39539,0.3333333333333333,1
39540,0.3333333333333333,1
39624,0.3333333333333333,1
39708,0.3333333333333333,1
39729,0.3333333333333333,1
39816,0.3333333333333333,1
39355,0.3333333333333333,1
27542,0.3333333333333333,1
39903,0.3333333333333333,1
39905,0.3333333333333333,1
39925,0.3333333333333333,1
40010,0.3333333333333333,1
40150,0.3333333333333333,1
40151,0.3333333333333333,1
39367,0.3333333333333333,1
39318,0.3333333333333333,1
41964,0.3333333333333333,1
38822,0.3333333333333333,1
38520,0.3333333333333333,1
38545,0.3333333333333333,1
38561,0.3333333333333333,1
38593,0.3333333333333333,1
38627,0.3333333333333333,1
38628,0.3333333333333333,1
38730,0.3333333333333333,1
38900,0.3333333333333333,1
39265,0.3333333333333333,1
38913,0.3333333333333333,1
38921,0.3333333333333333,1
38995,0.3333333333333333,1
39024,0.3333333333333333,1
39061,0.3333333333333333,1
39068,0.3333333333333333,1
39143,0.3333333333333333,1
40230,0.3333333333333333,1
40278,0.3333333333333333,1
40298,0.3333333333333333,1
41595,0.3333333333333333,1
41361,0.3333333333333333,1
41381,0.3333333333333333,1
41424,0.3333333333333333,1
41438,0.3333333333333333,1
41526,0.3333333333333333,1
41562,0.3333333333333333,1
41578,0.3333333333333333,1
41684,0.3333333333333333,1
40499,0.3333333333333333,1
41714,0.3333333333333333,1
41734,0.3333333333333333,1
41736,0.3333333333333333,1
41771,0.3333333333333333,1
41788,0.3333333333333333,1
41827,0.3333333333333333,1
41872,0.3333333333333333,1
41358,0.3333333333333333,1
41351,0.3333333333333333,1
41224,0.3333333333333333,1
41202,0.3333333333333333,1
40506,0.3333333333333333,1
40549,0.3333333333333333,1
40571,0.3333333333333333,1
40674,0.3333333333333333,1
40725,0.3333333333333333,1
40738,0.3333333333333333,1
40759,0.3333333333333333,1
40781,0.3333333333333333,1
40884,0.3333333333333333,1
40980,0.3333333333333333,1
41027,0.3333333333333333,1
41062,0.3333333333333333,1
41071,0.3333333333333333,1
41092,0.3333333333333333,1
41161,0.3333333333333333,1
45320,0.3333333333333333,1
45371,0.3333333333333333,1
38436,0.3333333333333333,1
49679,0.3333333333333333,1
49522,0.3333333333333333,1
49545,0.3333333333333333,1
49562,0.3333333333333333,1
49581,0.3333333333333333,1
49587,0.3333333333333333,1
49625,0.3333333333333333,1
49653,0.3333333333333333,1
49854,0.3333333333333333,1
49500,0.3333333333333333,1
49891,0.3333333333333333,1
49918,0.3333333333333333,1
49996,0.3333333333333333,1
50068,0.3333333333333333,1
50083,0.3333333333333333,1
50249,0.3333333333333333,1
50360,0.3333333333333333,1
49508,0.3333333333333333,1
49378,0.3333333333333333,1
50400,0.3333333333333333,1
48817,0.3333333333333333,1
48388,0.3333333333333333,1
48419,0.3333333333333333,1
48433,0.3333333333333333,1
48470,0.3333333333333333,1
48486,0.3333333333333333,1
48606,0.3333333333333333,1
48622,0.3333333333333333,1
48859,0.3333333333333333,1
49349,0.3333333333333333,1
48867,0.3333333333333333,1
48874,0.3333333333333333,1
48918,0.3333333333333333,1
48983,0.3333333333333333,1
49052,0.3333333333333333,1
49071,0.3333333333333333,1
49135,0.3333333333333333,1
50380,0.3333333333333333,1
50407,0.3333333333333333,1
45464,0.3333333333333333,1
51894,0.3333333333333333,1
51527,0.3333333333333333,1
51571,0.3333333333333333,1
51595,0.3333333333333333,1
51657,0.3333333333333333,1
51688,0.3333333333333333,1
51776,0.3333333333333333,1
51786,0.3333333333333333,1
51896,0.3333333333333333,1
51465,0.3333333333333333,1
51937,0.3333333333333333,1
52003,0.3333333333333333,1
52022,0.3333333333333333,1
52047,0.3333333333333333,1
52119,0.3333333333333333,1
52201,0.3333333333333333,1
52209,0.3333333333333333,1
51512,0.3333333333333333,1
51409,0.3333333333333333,1
50464,0.3333333333333333,1
50852,0.3333333333333333,1
50512,0.3333333333333333,1
50599,0.3333333333333333,1
50603,0.3333333333333333,1
50622,0.3333333333333333,1
50673,0.3333333333333333,1
50689,0.3333333333333333,1
50781,0.3333333333333333,1
50855,0.3333333333333333,1
51397,0.3333333333333333,1
50883,0.3333333333333333,1
50964,0.3333333333333333,1
51024,0.3333333333333333,1
51263,0.3333333333333333,1
51271,0.3333333333333333,1
51296,0.3333333333333333,1
51343,0.3333333333333333,1
48359,0.3333333333333333,1
48340,0.3333333333333333,1
48310,0.3333333333333333,1
46455,0.3333333333333333,1
46219,0.3333333333333333,1
46249,0.3333333333333333,1
46257,0.3333333333333333,1
46359,0.3333333333333333,1
46361,0.3333333333333333,1
46379,0.3333333333333333,1
46441,0.3333333333333333,1
46469,0.3333333333333333,1
46161,0.3333333333333333,1
46545,0.3333333333333333,1
46579,0.3333333333333333,1
46680,0.3333333333333333,1
46692,0.3333333333333333,1
46724,0.3333333333333333,1
46745,0.3333333333333333,1
46752,0.3333333333333333,1
46180,0.3333333333333333,1
46064,0.3333333333333333,1
48260,0.3333333333333333,1
45705,0.3333333333333333,1
45475,0.3333333333333333,1
45552,0.3333333333333333,1
45556,0.3333333333333333,1
45616,0.3333333333333333,1
45632,0.3333333333333333,1
45682,0.3333333333333333,1
45693,0.3333333333333333,1
45717,0.3333333333333333,1
45967,0.3333333333333333,1
45739,0.3333333333333333,1
45808,0.3333333333333333,1
45831,0.3333333333333333,1
45904,0.3333333333333333,1
45943,0.3333333333333333,1
45949,0.3333333333333333,1
45953,0.3333333333333333,1
46771,0.3333333333333333,1
46814,0.3333333333333333,1
46876,0.3333333333333333,1
47893,0.3333333333333333,1
47575,0.3333333333333333,1
47634,0.3333333333333333,1
47677,0.3333333333333333,1
47747,0.3333333333333333,1
47760,0.3333333333333333,1
47822,0.3333333333333333,1
47887,0.3333333333333333,1
47894,0.3333333333333333,1
46951,0.3333333333333333,1
47923,0.3333333333333333,1
47981,0.3333333333333333,1
48060,0.3333333333333333,1
48090,0.3333333333333333,1
48141,0.3333333333333333,1
48203,0.3333333333333333,1
48246,0.3333333333333333,1
47571,0.3333333333333333,1
47570,0.3333333333333333,1
47545,0.3333333333333333,1
47431,0.3333333333333333,1
46976,0.3333333333333333,1
46987,0.3333333333333333,1
46999,0.3333333333333333,1
47079,0.3333333333333333,1
47105,0.3333333333333333,1
47168,0.3333333333333333,1
47262,0.3333333333333333,1
47303,0.3333333333333333,1
47307,0.3333333333333333,1
47312,0.3333333333333333,1
47326,0.3333333333333333,1
47336,0.3333333333333333,1
47350,0.3333333333333333,1
47362,0.3333333333333333,1
47374,0.3333333333333333,1
38480,0.3333333333333333,1
99974,0.3333333333333333,1
38415,0.3333333333333333,1
31869,0.3333333333333333,1
31622,0.3333333333333333,1
31672,0.3333333333333333,1
31746,0.3333333333333333,1
31753,0.3333333333333333,1
31780,0.3333333333333333,1
31796,0.3333333333333333,1
31847,0.3333333333333333,1
31883,0.3333333333333333,1
31598,0.3333333333333333,1
31893,0.3333333333333333,1
32196,0.3333333333333333,1
32202,0.3333333333333333,1
32203,0.3333333333333333,1
32229,0.3333333333333333,1
32250,0.3333333333333333,1
32313,0.3333333333333333,1
31621,0.3333333333333333,1
31556,0.3333333333333333,1
34150,0.3333333333333333,1
31255,0.3333333333333333,1
30920,0.3333333333333333,1
30948,0.3333333333333333,1
31037,0.3333333333333333,1
31095,0.3333333333333333,1
31124,0.3333333333333333,1
31162,0.3333333333333333,1
31219,0.3333333333333333,1
31269,0.3333333333333333,1
31544,0.3333333333333333,1
31324,0.3333333333333333,1
31333,0.3333333333333333,1
31379,0.3333333333333333,1
31451,0.3333333333333333,1
31481,0.3333333333333333,1
31492,0.3333333333333333,1
31503,0.3333333333333333,1
32330,0.3333333333333333,1
32383,0.3333333333333333,1
32430,0.3333333333333333,1
33764,0.3333333333333333,1
33558,0.3333333333333333,1
33570,0.3333333333333333,1
33616,0.3333333333333333,1
33648,0.3333333333333333,1
33684,0.3333333333333333,1
33720,0.3333333333333333,1
33756,0.3333333333333333,1
33773,0.3333333333333333,1
32445,0.3333333333333333,1
33782,0.3333333333333333,1
33800,0.3333333333333333,1
33835,0.3333333333333333,1
33867,0.3333333333333333,1
33898,0.3333333333333333,1
33933,0.3333333333333333,1
33958,0.3333333333333333,1
33423,0.3333333333333333,1
33270,0.3333333333333333,1
33262,0.3333333333333333,1
33215,0.3333333333333333,1
32617,0.3333333333333333,1
32635,0.3333333333333333,1
32678,0.3333333333333333,1
32685,0.3333333333333333,1
32737,0.3333333333333333,1
32799,0.3333333333333333,1
32861,0.3333333333333333,1
32882,0.3333333333333333,1
32928,0.3333333333333333,1
32969,0.3333333333333333,1
38392,0.3333333333333333,1
33129,0.3333333333333333,1
33155,0.3333333333333333,1
33181,0.3333333333333333,1
33201,0.3333333333333333,1
30907,0.3333333333333333,1
30806,0.3333333333333333,1
30690,0.3333333333333333,1
28685,0.3333333333333333,1
28404,0.3333333333333333,1
28412,0.3333333333333333,1
28421,0.3333333333333333,1
28428,0.3333333333333333,1
28434,0.3333333333333333,1
28487,0.3333333333333333,1
28646,0.3333333333333333,1
28690,0.3333333333333333,1
29270,0.3333333333333333,1
28715,0.3333333333333333,1
28742,0.3333333333333333,1
28771,0.3333333333333333,1
28805,0.3333333333333333,1
28839,0.3333333333333333,1
28995,0.3333333333333333,1
29015,0.3333333333333333,1
28360,0.3333333333333333,1
28326,0.3333333333333333,1
28241,0.3333333333333333,1
28198,0.3333333333333333,1
27576,0.3333333333333333,1
27581,0.3333333333333333,1
27686,0.3333333333333333,1
27690,0.3333333333333333,1
27715,0.3333333333333333,1
27854,0.3333333333333333,1
27891,0.3333333333333333,1
27901,0.3333333333333333,1
27916,0.3333333333333333,1
27950,0.3333333333333333,1
28025,0.3333333333333333,1
28046,0.3333333333333333,1
28081,0.3333333333333333,1
28115,0.3333333333333333,1
28146,0.3333333333333333,1
29073,0.3333333333333333,1
29278,0.3333333333333333,1
30578,0.3333333333333333,1
30270,0.3333333333333333,1
30052,0.3333333333333333,1
30130,0.3333333333333333,1
30189,0.3333333333333333,1
30198,0.3333333333333333,1
30207,0.3333333333333333,1
30237,0.3333333333333333,1
30248,0.3333333333333333,1
30295,0.3333333333333333,1
29284,0.3333333333333333,1
30381,0.3333333333333333,1
30401,0.3333333333333333,1
30441,0.3333333333333333,1
30447,0.3333333333333333,1
30494,0.3333333333333333,1
30508,0.3333333333333333,1
30570,0.3333333333333333,1
30014,0.3333333333333333,1
29990,0.3333333333333333,1
29931,0.3333333333333333,1
29930,0.3333333333333333,1
29312,0.3333333333333333,1
29343,0.3333333333333333,1
29363,0.3333333333333333,1
29414,0.3333333333333333,1
29423,0.3333333333333333,1
29500,0.3333333333333333,1
29529,0.3333333333333333,1
29540,0.3333333333333333,1
29573,0.3333333333333333,1
29700,0.3333333333333333,1
29728,0.3333333333333333,1
29804,0.3333333333333333,1
29880,0.3333333333333333,1
29890,0.3333333333333333,1
29915,0.3333333333333333,1
33990,0.3333333333333333,1
33097,0.3333333333333333,1
35960,0.3333333333333333,1
35252,0.3333333333333333,1
35993,0.3333333333333333,1
36328,0.3333333333333333,1
37317,0.3333333333333333,1
38289,0.3333333333333333,1
35108,0.3333333333333333,1
37333,0.3333333333333333,1
34989,0.3333333333333333,1
34927,0.3333333333333333,1
36652,0.3333333333333333,1
34904,0.3333333333333333,1
36008,0.3333333333333333,1
36053,0.3333333333333333,1
36093,0.3333333333333333,1
36109,0.3333333333333333,1
34898,0.3333333333333333,1
36595,0.3333333333333333,1
34851,0.3333333333333333,1
36133,0.3333333333333333,1
34814,0.3333333333333333,1
35846,0.3333333333333333,1
36202,0.3333333333333333,1
37238,0.3333333333333333,1
36654,0.3333333333333333,1
34806,0.3333333333333333,1
35315,0.3333333333333333,1
36860,0.3333333333333333,1
35844,0.3333333333333333,1
35750,0.3333333333333333,1
38320,0.3333333333333333,1
36937,0.3333333333333333,1
37099,0.3333333333333333,1
35658,0.3333333333333333,1
37125,0.3333333333333333,1
35542,0.3333333333333333,1
35492,0.3333333333333333,1
37169,0.3333333333333333,1
35869,0.3333333333333333,1
37176,0.3333333333333333,1
37183,0.3333333333333333,1
37202,0.3333333333333333,1
35428,0.3333333333333333,1
35882,0.3333333333333333,1
35422,0.3333333333333333,1
35362,0.3333333333333333,1
35318,0.3333333333333333,1
36730,0.3333333333333333,1
37427,0.3333333333333333,1
34810,0.3333333333333333,1
34771,0.3333333333333333,1
34305,0.3333333333333333,1
34426,0.3333333333333333,1
34752,0.3333333333333333,1
34397,0.3333333333333333,1
34342,0.3333333333333333,1
36309,0.3333333333333333,1
37879,0.3333333333333333,1
34335,0.3333333333333333,1
34323,0.3333333333333333,1
34313,0.3333333333333333,1
34289,0.3333333333333333,1
37725,0.3333333333333333,1
34231,0.3333333333333333,1
34204,0.3333333333333333,1
34194,0.3333333333333333,1
36518,0.3333333333333333,1
38003,0.3333333333333333,1
34175,0.3333333333333333,1
38200,0.3333333333333333,1
36325,0.3333333333333333,1
38299,0.3333333333333333,1
34479,0.3333333333333333,1
36292,0.3333333333333333,1
37723,0.3333333333333333,1
37681,0.3333333333333333,1
34705,0.3333333333333333,1
34692,0.3333333333333333,1
34612,0.3333333333333333,1
37462,0.3333333333333333,1
37507,0.3333333333333333,1
34603,0.3333333333333333,1
34569,0.3333333333333333,1
34559,0.3333333333333333,1
34556,0.3333333333333333,1
37574,0.3333333333333333,1
36857,0.3333333333333333,1
36226,0.3333333333333333,1
37647,0.3333333333333333,1
36538,0.3333333333333333,1
36549,0.3333333333333333,1
34497,0.3333333333333333,1
10241,0.2857142857142857,5
23970,0.25,2
40302,0.25,2
55007,0.25,2
49121,0.25,2
24625,0.25,2
63096,0.25,2
99850,0.25,2
49150,0.25,2
14870,0.25,2
13229,0.25,2
88625,0.25,2
84730,0.25,2
85267,0.25,2
24776,0.25,2
76708,0.25,2
28518,0.25,2
50685,0.25,2
39273,0.25,2
39157,0.25,2
15629,0.25,2
26106,0.25,2
85565,0.25,2
64435,0.25,2
37798,0.25,2
52854,0.25,2
75245,0.25,2
38839,0.25,2
86483,0.25,2
266,0.25,2
52613,0.25,2
1516,0.25,2
50672,0.25,2
87340,0.25,2
50329,0.25,2
84940,0.25,2
63685,0.25,2
85053,0.25,2
25385,0.25,2
50105,0.25,2
66157,0.25,2
1836,0.25,2
98739,0.25,2
66147,0.25,2
98432,0.25,2
1703,0.25,2
1668,0.25,2
37373,0.25,2
39396,0.25,2
48426,0.25,2
59456,0.25,2
23723,0.25,2
94446,0.25,2
74563,0.25,2
45797,0.25,2
70198,0.25,2
21048,0.25,2
67903,0.25,2
42388,0.25,2
6363,0.25,2
35083,0.25,2
95034,0.25,2
90169,0.25,2
90148,0.25,2
6024,0.25,2
11383,0.25,2
79725,0.25,2
77608,0.25,2
61637,0.25,2
58011,0.25,2
10405,0.25,2
7196,0.25,2
82361,0.25,2
19385,0.25,2
34109,0.25,2
43730,0.25,2
44280,0.25,2
59902,0.25,2
81062,0.25,2
58799,0.25,2
69321,0.25,2
7811,0.25,2
34482,0.25,2
20191,0.25,2
33326,0.25,2
27183,0.25,2
80432,0.25,2
58343,0.25,2
61644,0.25,2
35268,0.25,2
56986,0.25,2
30702,0.25,2
67226,0.25,2
35907,0.25,2
95163,0.25,2
38249,0.25,2
23201,0.25,2
34172,0.25,2
65326,0.25,2
83670,0.25,2
16657,0.25,2
96512,0.25,2
55581,0.25,2
89071,0.25,2
55544,0.25,2
72132,0.25,2
17246,0.25,2
23123,0.25,2
89626,0.25,2
79167,0.25,2
5537,0.25,2
11791,0.25,2
70790,0.25,2
95266,0.25,2
5288,0.25,2
17407,0.25,2
46813,0.25,2
95527,0.25,2
61968,0.25,2
4798,0.25,2
83452,0.25,2
26913,0.25,2
6538,0.2,3
31561,0.2,3
63952,0.2,3
68468,0.2,3
62541,0.2,3
33071,0.2,3
9669,0.2,3
27939,0.2,3
81594,0.2,3
99760,0.2,3
9005,0.2,3
95855,0.2,3
84486,0.2,3
2866,0.2,3
23204,0.16666666666666666,4
76837,0.16666666666666666,4
88553,0.16666666666666666,4
13001,0.16666666666666666,4
18205,0.16666666666666666,4
74585,0.16666666666666666,4
67245,0.14285714285714285,5
40779,0.125,6
34548,0.125,6
49106,0.1111111111111111,7
77959,0.1111111111111111,7
